co_anomes;co_uf;sg_uf;no_uf;co_regiao_brasil;no_regiao_brasil;sg_regiao_brasil;vl_indicador_calculado_uf;vl_indicador_calculado_reg;vl_indicador_calculado_br;leitos_cirurgicos;cirurgioes_sus;planos_de_saude;despesas_medias_saude;populacao;gini;idh
202303;12;AC;Acre;1;Norte;N ;1054;23285;357793;1590;183;43018;152894986,56;830018;0,51;0,75
202304;12;AC;Acre;1;Norte;N ;2243;45755;696135;1590;195;;152894986,56;830018;0,51;0,75
202305;12;AC;Acre;1;Norte;N ;3563;73418;1073912;1615;203;;152894986,56;830018;0,51;0,75
202306;12;AC;Acre;1;Norte;N ;5255;99276;1456420;1615;205;43280;152894986,56;830018;0,51;0,75
202307;12;AC;Acre;1;Norte;N ;6724;127883;1853450;1554;201;;152894986,56;830018;0,51;0,75
202308;12;AC;Acre;1;Norte;N ;7995;154322;2270411;1553;200;;152894986,56;830018;0,51;0,75
202309;12;AC;Acre;1;Norte;N ;9504;178284;2674593;1553;205;43547;152894986,56;830018;0,51;0,75
202310;12;AC;Acre;1;Norte;N ;10909;201892;3087156;1553;209;;152894986,56;830018;0,51;0,75
202311;12;AC;Acre;1;Norte;N ;12072;226923;3500857;1554;209;;152894986,56;830018;0,51;0,75
202312;12;AC;Acre;1;Norte;N ;13027;248762;3900344;1554;209;44028;152894986,56;830018;0,51;0,75
202401;12;AC;Acre;1;Norte;N ;1149;22262;372152;1559;208;;184100595,80;830018;0,51;0,75
202402;12;AC;Acre;1;Norte;N ;2322;46908;753900;1570;209;;184100595,80;830018;0,51;0,75
202403;12;AC;Acre;1;Norte;N ;3635;74965;1179382;1585;210;44167;184100595,80;830018;0,51;0,75
202404;12;AC;Acre;1;Norte;N ;5180;102799;1630933;1590;214;;184100595,80;830018;0,51;0,75
202405;12;AC;Acre;1;Norte;N ;6612;129873;2074887;1590;213;;184100595,80;830018;0,51;0,75
202406;12;AC;Acre;1;Norte;N ;8194;158456;2530928;1633;221;44654;184100595,80;830018;0,51;0,75
202407;12;AC;Acre;1;Norte;N ;9724;186392;3007078;1625;221;;184100595,80;830018;0,51;0,75
202408;12;AC;Acre;1;Norte;N ;11047;214968;3514418;1656;223;;184100595,80;830018;0,51;0,75
202409;12;AC;Acre;1;Norte;N ;12631;243786;4015482;1656;227;45172;184100595,80;830018;0,51;0,75
202410;12;AC;Acre;1;Norte;N ;14110;270340;4520458;1636;222;;184100595,80;830018;0,51;0,75
202411;12;AC;Acre;1;Norte;N ;15608;297702;4990573;1570;222;;184100595,80;830018;0,51;0,75
202412;12;AC;Acre;1;Norte;N ;17095;327765;5401146;1570;222;45300;184100595,80;830018;0,51;0,75
202501;12;AC;Acre;1;Norte;N ;1261;22960;394538;1577;221;;;830018;0,51;0,75
202502;12;AC;Acre;1;Norte;N ;2420;48152;813541;1573;222;;;830018;0,51;0,75
202503;12;AC;Acre;1;Norte;N ;3863;72880;1235134;1573;225;44931;;830018;0,51;0,75
202504;12;AC;Acre;1;Norte;N ;4146;99926;1686166;1579;230;;;830018;0,51;0,75
202505;12;AC;Acre;1;Norte;N ;7038;127316;2139535;1591;230;;;830018;0,51;0,75
202506;12;AC;Acre;1;Norte;N ;7527;153564;2613074;1595;238;;;830018;0,51;0,75
202507;12;AC;Acre;1;Norte;N ;9072;183322;3101449;1589;239;;;830018;0,51;0,75
202303;27;AL;Alagoas;2;Nordeste;NE;3809;92484;357793;6569;1208;389001;217051323,62;3127683;0,49;0,69
202304;27;AL;Alagoas;2;Nordeste;NE;7437;181659;696135;6485;1221;;217051323,62;3127683;0,49;0,69
202305;27;AL;Alagoas;2;Nordeste;NE;11447;283039;1073912;6500;1220;;217051323,62;3127683;0,49;0,69
202306;27;AL;Alagoas;2;Nordeste;NE;15809;387564;1456420;6524;1218;387858;217051323,62;3127683;0,49;0,69
202307;27;AL;Alagoas;2;Nordeste;NE;20171;495878;1853450;6518;1220;;217051323,62;3127683;0,49;0,69
202308;27;AL;Alagoas;2;Nordeste;NE;25515;604988;2270411;6426;1205;;217051323,62;3127683;0,49;0,69
202309;27;AL;Alagoas;2;Nordeste;NE;30559;709939;2674593;6426;1196;389261;217051323,62;3127683;0,49;0,69
202310;27;AL;Alagoas;2;Nordeste;NE;36073;819749;3087156;6444;1196;;217051323,62;3127683;0,49;0,69
202311;27;AL;Alagoas;2;Nordeste;NE;41814;931442;3500857;6561;1200;;217051323,62;3127683;0,49;0,69
202312;27;AL;Alagoas;2;Nordeste;NE;46066;1036613;3900344;6590;1200;389760;217051323,62;3127683;0,49;0,69
202401;27;AL;Alagoas;2;Nordeste;NE;4100;93157;372152;6590;1204;;184100595,80;3127683;0,49;0,69
202402;27;AL;Alagoas;2;Nordeste;NE;8427;188343;753900;6593;1212;;184100595,80;3127683;0,49;0,69
202403;27;AL;Alagoas;2;Nordeste;NE;13587;300834;1179382;6582;1211;386346;184100595,80;3127683;0,49;0,69
202404;27;AL;Alagoas;2;Nordeste;NE;18168;422573;1630933;6586;1214;;184100595,80;3127683;0,49;0,69
202405;27;AL;Alagoas;2;Nordeste;NE;23275;540605;2074887;6586;1231;;184100595,80;3127683;0,49;0,69
202406;27;AL;Alagoas;2;Nordeste;NE;28902;660519;2530928;6519;1245;387225;184100595,80;3127683;0,49;0,69
202407;27;AL;Alagoas;2;Nordeste;NE;34886;785183;3007078;6553;1242;;184100595,80;3127683;0,49;0,69
202408;27;AL;Alagoas;2;Nordeste;NE;41330;923467;3514418;6488;1243;;184100595,80;3127683;0,49;0,69
202409;27;AL;Alagoas;2;Nordeste;NE;47058;1058685;4015482;6567;1256;385588;184100595,80;3127683;0,49;0,69
202410;27;AL;Alagoas;2;Nordeste;NE;53252;1189943;4520458;6581;1256;;184100595,80;3127683;0,49;0,69
202411;27;AL;Alagoas;2;Nordeste;NE;58576;1311099;4990573;6581;1273;;184100595,80;3127683;0,49;0,69
202412;27;AL;Alagoas;2;Nordeste;NE;65273;1411943;5401146;6661;1275;388549;184100595,80;3127683;0,49;0,69
202501;27;AL;Alagoas;2;Nordeste;NE;4346;90627;394538;6697;1281;;;3127683;0,49;0,69
202502;27;AL;Alagoas;2;Nordeste;NE;9072;189996;813541;6721;1267;;;3127683;0,49;0,69
202503;27;AL;Alagoas;2;Nordeste;NE;13902;288897;1235134;6811;1283;388131;;3127683;0,49;0,69
202504;27;AL;Alagoas;2;Nordeste;NE;19363;396643;1686166;6837;1292;;;3127683;0,49;0,69
202505;27;AL;Alagoas;2;Nordeste;NE;24893;494745;2139535;6839;1291;;;3127683;0,49;0,69
202506;27;AL;Alagoas;2;Nordeste;NE;31867;615803;2613074;6841;1308;388134;;3127683;0,49;0,69
202507;27;AL;Alagoas;2;Nordeste;NE;37636;732348;3101449;6841;1319;;;3127683;0,49;0,69
202303;16;AP;Amapá;1;Norte;N ;3832;23285;357793;1514;182;61886;148740117,36;733759;0,49;0,72
202304;16;AP;Amapá;1;Norte;N ;6260;45755;696135;1394;185;;148740117,36;733759;0,49;0,72
202305;16;AP;Amapá;1;Norte;N ;11522;73418;1073912;1551;185;;148740117,36;733759;0,49;0,72
202306;16;AP;Amapá;1;Norte;N ;14616;99276;1456420;1531;181;62369;148740117,36;733759;0,49;0,72
202307;16;AP;Amapá;1;Norte;N ;20114;127883;1853450;1489;185;;148740117,36;733759;0,49;0,72
202308;16;AP;Amapá;1;Norte;N ;22149;154322;2270411;1505;188;;148740117,36;733759;0,49;0,72
202309;16;AP;Amapá;1;Norte;N ;23314;178284;2674593;1522;189;61965;148740117,36;733759;0,49;0,72
202310;16;AP;Amapá;1;Norte;N ;23684;201892;3087156;1547;189;;148740117,36;733759;0,49;0,72
202311;16;AP;Amapá;1;Norte;N ;24020;226923;3500857;1547;189;;148740117,36;733759;0,49;0,72
202312;16;AP;Amapá;1;Norte;N ;24453;248762;3900344;1467;187;62292;148740117,36;733759;0,49;0,72
202401;16;AP;Amapá;1;Norte;N ;1008;22262;372152;1492;203;;178387370,04;733759;0,49;0,72
202402;16;AP;Amapá;1;Norte;N ;2086;46908;753900;1574;206;;178387370,04;733759;0,49;0,72
202403;16;AP;Amapá;1;Norte;N ;3162;74965;1179382;1583;208;62547;178387370,04;733759;0,49;0,72
202404;16;AP;Amapá;1;Norte;N ;4287;102799;1630933;1614;214;;178387370,04;733759;0,49;0,72
202405;16;AP;Amapá;1;Norte;N ;5396;129873;2074887;1623;219;;178387370,04;733759;0,49;0,72
202406;16;AP;Amapá;1;Norte;N ;6647;158456;2530928;1629;218;62968;178387370,04;733759;0,49;0,72
202407;16;AP;Amapá;1;Norte;N ;8150;186392;3007078;1578;225;;178387370,04;733759;0,49;0,72
202408;16;AP;Amapá;1;Norte;N ;10050;214968;3514418;1589;225;;178387370,04;733759;0,49;0,72
202409;16;AP;Amapá;1;Norte;N ;11713;243786;4015482;1576;236;63281;178387370,04;733759;0,49;0,72
202410;16;AP;Amapá;1;Norte;N ;13048;270340;4520458;1577;237;;178387370,04;733759;0,49;0,72
202411;16;AP;Amapá;1;Norte;N ;13869;297702;4990573;1621;237;;178387370,04;733759;0,49;0,72
202412;16;AP;Amapá;1;Norte;N ;18072;327765;5401146;1667;240;63434;178387370,04;733759;0,49;0,72
202501;16;AP;Amapá;1;Norte;N ;1018;22960;394538;1669;252;;;733759;0,49;0,72
202502;16;AP;Amapá;1;Norte;N ;2856;48152;813541;1669;260;;;733759;0,49;0,72
202503;16;AP;Amapá;1;Norte;N ;4009;72880;1235134;1677;263;63584;;733759;0,49;0,72
202504;16;AP;Amapá;1;Norte;N ;7660;99926;1686166;1639;269;;;733759;0,49;0,72
202505;16;AP;Amapá;1;Norte;N ;10022;127316;2139535;1565;263;;;733759;0,49;0,72
202506;16;AP;Amapá;1;Norte;N ;12226;153564;2613074;1565;266;64631;;733759;0,49;0,72
202507;16;AP;Amapá;1;Norte;N ;13628;183322;3101449;1529;266;;;733759;0,49;0,72
202303;13;AM;Amazonas;1;Norte;N ;3706;23285;357793;6138;1697;581330;398774111,17;3941613;0,51;0,73
202304;13;AM;Amazonas;1;Norte;N ;7577;45755;696135;6110;1695;;398774111,17;3941613;0,51;0,73
202305;13;AM;Amazonas;1;Norte;N ;11826;73418;1073912;6107;1696;;398774111,17;3941613;0,51;0,73
202306;13;AM;Amazonas;1;Norte;N ;16439;99276;1456420;6138;1706;584658;398774111,17;3941613;0,51;0,73
202307;13;AM;Amazonas;1;Norte;N ;20675;127883;1853450;6126;1569;;398774111,17;3941613;0,51;0,73
202308;13;AM;Amazonas;1;Norte;N ;25706;154322;2270411;6223;1533;;398774111,17;3941613;0,51;0,73
202309;13;AM;Amazonas;1;Norte;N ;30261;178284;2674593;6291;1536;589165;398774111,17;3941613;0,51;0,73
202310;13;AM;Amazonas;1;Norte;N ;34885;201892;3087156;6289;1552;;398774111,17;3941613;0,51;0,73
202311;13;AM;Amazonas;1;Norte;N ;39435;226923;3500857;6291;1772;;398774111,17;3941613;0,51;0,73
202312;13;AM;Amazonas;1;Norte;N ;42886;248762;3900344;6278;1760;591259;398774111,17;3941613;0,51;0,73
202401;13;AM;Amazonas;1;Norte;N ;4468;22262;372152;6278;1773;;443393809,09;3941613;0,51;0,73
202402;13;AM;Amazonas;1;Norte;N ;9606;46908;753900;6266;1787;;443393809,09;3941613;0,51;0,73
202403;13;AM;Amazonas;1;Norte;N ;16375;74965;1179382;6275;1803;601666;443393809,09;3941613;0,51;0,73
202404;13;AM;Amazonas;1;Norte;N ;21389;102799;1630933;6299;1846;;443393809,09;3941613;0,51;0,73
202405;13;AM;Amazonas;1;Norte;N ;26229;129873;2074887;6300;1848;;443393809,09;3941613;0,51;0,73
202406;13;AM;Amazonas;1;Norte;N ;30866;158456;2530928;6330;1856;610250;443393809,09;3941613;0,51;0,73
202407;13;AM;Amazonas;1;Norte;N ;35829;186392;3007078;6335;1862;;443393809,09;3941613;0,51;0,73
202408;13;AM;Amazonas;1;Norte;N ;40380;214968;3514418;6335;1858;;443393809,09;3941613;0,51;0,73
202409;13;AM;Amazonas;1;Norte;N ;45707;243786;4015482;6364;1872;626705;443393809,09;3941613;0,51;0,73
202410;13;AM;Amazonas;1;Norte;N ;50279;270340;4520458;6395;1877;;443393809,09;3941613;0,51;0,73
202411;13;AM;Amazonas;1;Norte;N ;55463;297702;4990573;6550;1868;;443393809,09;3941613;0,51;0,73
202412;13;AM;Amazonas;1;Norte;N ;60586;327765;5401146;6552;1869;672337;443393809,09;3941613;0,51;0,73
202501;13;AM;Amazonas;1;Norte;N ;4503;22960;394538;6488;1870;;;3941613;0,51;0,73
202502;13;AM;Amazonas;1;Norte;N ;9873;48152;813541;6449;1842;;;3941613;0,51;0,73
202503;13;AM;Amazonas;1;Norte;N ;14301;72880;1235134;6536;1816;677286;;3941613;0,51;0,73
202504;13;AM;Amazonas;1;Norte;N ;18527;99926;1686166;6552;1817;;;3941613;0,51;0,73
202505;13;AM;Amazonas;1;Norte;N ;23502;127316;2139535;6541;1850;;;3941613;0,51;0,73
202506;13;AM;Amazonas;1;Norte;N ;29426;153564;2613074;6671;1856;690535;;3941613;0,51;0,73
202507;13;AM;Amazonas;1;Norte;N ;35623;183322;3101449;6660;1850;;;3941613;0,51;0,73
202303;29;BA;Bahia;2;Nordeste;NE;29614;92484;357793;29981;5089;1673960;841293320,03;14141626;0,49;0,72
202304;29;BA;Bahia;2;Nordeste;NE;56528;181659;696135;30173;5104;;841293320,03;14141626;0,49;0,72
202305;29;BA;Bahia;2;Nordeste;NE;88703;283039;1073912;30435;5133;;841293320,03;14141626;0,49;0,72
202306;29;BA;Bahia;2;Nordeste;NE;122935;387564;1456420;30460;5195;1685295;841293320,03;14141626;0,49;0,72
202307;29;BA;Bahia;2;Nordeste;NE;158779;495878;1853450;30410;5236;;841293320,03;14141626;0,49;0,72
202308;29;BA;Bahia;2;Nordeste;NE;193550;604988;2270411;30595;5231;;841293320,03;14141626;0,49;0,72
202309;29;BA;Bahia;2;Nordeste;NE;223565;709939;2674593;30391;5233;1701167;841293320,03;14141626;0,49;0,72
202310;29;BA;Bahia;2;Nordeste;NE;257153;819749;3087156;30576;5251;;841293320,03;14141626;0,49;0,72
202311;29;BA;Bahia;2;Nordeste;NE;291673;931442;3500857;30766;5160;;841293320,03;14141626;0,49;0,72
202312;29;BA;Bahia;2;Nordeste;NE;322723;1036613;3900344;30763;5183;1693716;841293320,03;14141626;0,49;0,72
202401;29;BA;Bahia;2;Nordeste;NE;26166;93157;372152;30848;5215;;977360547,90;14141626;0,49;0,72
202402;29;BA;Bahia;2;Nordeste;NE;52355;188343;753900;30884;5204;;977360547,90;14141626;0,49;0,72
202403;29;BA;Bahia;2;Nordeste;NE;84297;300834;1179382;30899;5208;1694838;977360547,90;14141626;0,49;0,72
202404;29;BA;Bahia;2;Nordeste;NE;120437;422573;1630933;31165;5284;;977360547,90;14141626;0,49;0,72
202405;29;BA;Bahia;2;Nordeste;NE;152820;540605;2074887;31102;5344;;977360547,90;14141626;0,49;0,72
202406;29;BA;Bahia;2;Nordeste;NE;181629;660519;2530928;31148;5471;1696475;977360547,90;14141626;0,49;0,72
202407;29;BA;Bahia;2;Nordeste;NE;215382;785183;3007078;31576;5454;;977360547,90;14141626;0,49;0,72
202408;29;BA;Bahia;2;Nordeste;NE;252719;923467;3514418;31511;5494;;977360547,90;14141626;0,49;0,72
202409;29;BA;Bahia;2;Nordeste;NE;288066;1058685;4015482;31598;5515;1713421;977360547,90;14141626;0,49;0,72
202410;29;BA;Bahia;2;Nordeste;NE;322893;1189943;4520458;31427;5539;;977360547,90;14141626;0,49;0,72
202411;29;BA;Bahia;2;Nordeste;NE;355978;1311099;4990573;31277;5575;;977360547,90;14141626;0,49;0,72
202412;29;BA;Bahia;2;Nordeste;NE;383081;1411943;5401146;31137;5579;1726278;977360547,90;14141626;0,49;0,72
202501;29;BA;Bahia;2;Nordeste;NE;24565;90627;394538;31260;5583;;;14141626;0,49;0,72
202502;29;BA;Bahia;2;Nordeste;NE;53666;189996;813541;31202;5554;;;14141626;0,49;0,72
202503;29;BA;Bahia;2;Nordeste;NE;80774;288897;1235134;31269;5565;1736299;;14141626;0,49;0,72
202504;29;BA;Bahia;2;Nordeste;NE;110216;396643;1686166;31196;5621;;;14141626;0,49;0,72
202505;29;BA;Bahia;2;Nordeste;NE;142154;494745;2139535;31591;5502;;;14141626;0,49;0,72
202506;29;BA;Bahia;2;Nordeste;NE;168203;615803;2613074;31523;5488;1761211;;14141626;0,49;0,72
202507;29;BA;Bahia;2;Nordeste;NE;200619;732348;3101449;31296;5490;;;14141626;0,49;0,72
202303;23;CE;Ceará;2;Nordeste;NE;9412;92484;357793;19691;2918;1354885;516745565,17;8794957;0,51;0,76
202304;23;CE;Ceará;2;Nordeste;NE;19203;181659;696135;19689;2927;;516745565,17;8794957;0,51;0,76
202305;23;CE;Ceará;2;Nordeste;NE;28716;283039;1073912;19707;2934;;516745565,17;8794957;0,51;0,76
202306;23;CE;Ceará;2;Nordeste;NE;38961;387564;1456420;19586;2901;1366207;516745565,17;8794957;0,51;0,76
202307;23;CE;Ceará;2;Nordeste;NE;49245;495878;1853450;19474;2898;;516745565,17;8794957;0,51;0,76
202308;23;CE;Ceará;2;Nordeste;NE;59868;604988;2270411;19452;2936;;516745565,17;8794957;0,51;0,76
202309;23;CE;Ceará;2;Nordeste;NE;71259;709939;2674593;19516;2956;1380199;516745565,17;8794957;0,51;0,76
202310;23;CE;Ceará;2;Nordeste;NE;82742;819749;3087156;19361;2974;;516745565,17;8794957;0,51;0,76
202311;23;CE;Ceará;2;Nordeste;NE;95532;931442;3500857;19370;2972;;516745565,17;8794957;0,51;0,76
202312;23;CE;Ceará;2;Nordeste;NE;107179;1036613;3900344;19526;2984;1438442;516745565,17;8794957;0,51;0,76
202401;23;CE;Ceará;2;Nordeste;NE;10349;93157;372152;19589;2981;;596426816,08;8794957;0,51;0,76
202402;23;CE;Ceará;2;Nordeste;NE;21038;188343;753900;19636;3003;;596426816,08;8794957;0,51;0,76
202403;23;CE;Ceará;2;Nordeste;NE;32778;300834;1179382;19612;3014;1439089;596426816,08;8794957;0,51;0,76
202404;23;CE;Ceará;2;Nordeste;NE;45529;422573;1630933;19709;3051;;596426816,08;8794957;0,51;0,76
202405;23;CE;Ceará;2;Nordeste;NE;59086;540605;2074887;19634;3063;;596426816,08;8794957;0,51;0,76
202406;23;CE;Ceará;2;Nordeste;NE;72668;660519;2530928;19499;3056;1455493;596426816,08;8794957;0,51;0,76
202407;23;CE;Ceará;2;Nordeste;NE;87503;785183;3007078;19509;3081;;596426816,08;8794957;0,51;0,76
202408;23;CE;Ceará;2;Nordeste;NE;104245;923467;3514418;19510;3149;;596426816,08;8794957;0,51;0,76
202409;23;CE;Ceará;2;Nordeste;NE;121435;1058685;4015482;19520;3234;1462092;596426816,08;8794957;0,51;0,76
202410;23;CE;Ceará;2;Nordeste;NE;137324;1189943;4520458;19554;3342;;596426816,08;8794957;0,51;0,76
202411;23;CE;Ceará;2;Nordeste;NE;151373;1311099;4990573;19552;3332;;596426816,08;8794957;0,51;0,76
202412;23;CE;Ceará;2;Nordeste;NE;162273;1411943;5401146;19490;3381;1463058;596426816,08;8794957;0,51;0,76
202501;23;CE;Ceará;2;Nordeste;NE;9102;90627;394538;19652;3392;;;8794957;0,51;0,76
202502;23;CE;Ceará;2;Nordeste;NE;18992;189996;813541;19713;3428;;;8794957;0,51;0,76
202503;23;CE;Ceará;2;Nordeste;NE;29749;288897;1235134;19828;3389;1473626;;8794957;0,51;0,76
202504;23;CE;Ceará;2;Nordeste;NE;41154;396643;1686166;19882;3403;;;8794957;0,51;0,76
202505;23;CE;Ceará;2;Nordeste;NE;51660;494745;2139535;19935;3424;;;8794957;0,51;0,76
202506;23;CE;Ceará;2;Nordeste;NE;67427;615803;2613074;20013;3397;1484822;;8794957;0,51;0,76
202507;23;CE;Ceará;2;Nordeste;NE;80850;732348;3101449;20090;3442;;;8794957;0,51;0,76
202303;53;DF;Distrito Federal;5;Centro-Oeste;CO;3037;20397;357793;7703;1817;925804;734348217,44;2817381;0,54;0,83
202304;53;DF;Distrito Federal;5;Centro-Oeste;CO;5837;39795;696135;7683;1849;;734348217,44;2817381;0,54;0,83
202305;53;DF;Distrito Federal;5;Centro-Oeste;CO;9209;61265;1073912;7533;1808;;734348217,44;2817381;0,54;0,83
202306;53;DF;Distrito Federal;5;Centro-Oeste;CO;12361;83729;1456420;7575;1822;931357;734348217,44;2817381;0,54;0,83
202307;53;DF;Distrito Federal;5;Centro-Oeste;CO;15545;106731;1853450;7673;1845;;734348217,44;2817381;0,54;0,83
202308;53;DF;Distrito Federal;5;Centro-Oeste;CO;18671;130290;2270411;7772;1859;;734348217,44;2817381;0,54;0,83
202309;53;DF;Distrito Federal;5;Centro-Oeste;CO;21523;153673;2674593;7769;1880;936210;734348217,44;2817381;0,54;0,83
202310;53;DF;Distrito Federal;5;Centro-Oeste;CO;24233;177594;3087156;7815;1882;;734348217,44;2817381;0,54;0,83
202311;53;DF;Distrito Federal;5;Centro-Oeste;CO;26612;202486;3500857;7817;1874;;734348217,44;2817381;0,54;0,83
202312;53;DF;Distrito Federal;5;Centro-Oeste;CO;29222;226101;3900344;7831;1901;941722;734348217,44;2817381;0,54;0,83
202401;53;DF;Distrito Federal;5;Centro-Oeste;CO;2495;20779;372152;7812;1913;;849877302,77;2817381;0,54;0,83
202402;53;DF;Distrito Federal;5;Centro-Oeste;CO;5109;43944;753900;7871;1923;;849877302,77;2817381;0,54;0,83
202403;53;DF;Distrito Federal;5;Centro-Oeste;CO;7866;67101;1179382;7871;1916;942513;849877302,77;2817381;0,54;0,83
202404;53;DF;Distrito Federal;5;Centro-Oeste;CO;11005;93102;1630933;7878;1932;;849877302,77;2817381;0,54;0,83
202405;53;DF;Distrito Federal;5;Centro-Oeste;CO;13760;117561;2074887;7908;1937;;849877302,77;2817381;0,54;0,83
202406;53;DF;Distrito Federal;5;Centro-Oeste;CO;16562;143173;2530928;7632;1936;948091;849877302,77;2817381;0,54;0,83
202407;53;DF;Distrito Federal;5;Centro-Oeste;CO;19719;170292;3007078;8124;1829;;849877302,77;2817381;0,54;0,83
202408;53;DF;Distrito Federal;5;Centro-Oeste;CO;23328;199058;3514418;8137;1828;;849877302,77;2817381;0,54;0,83
202409;53;DF;Distrito Federal;5;Centro-Oeste;CO;26029;226699;4015482;8126;1819;970403;849877302,77;2817381;0,54;0,83
202410;53;DF;Distrito Federal;5;Centro-Oeste;CO;28451;253266;4520458;8209;1819;;849877302,77;2817381;0,54;0,83
202411;53;DF;Distrito Federal;5;Centro-Oeste;CO;30805;278382;4990573;8269;1823;;849877302,77;2817381;0,54;0,83
202412;53;DF;Distrito Federal;5;Centro-Oeste;CO;33002;303912;5401146;8269;1821;983037;849877302,77;2817381;0,54;0,83
202501;53;DF;Distrito Federal;5;Centro-Oeste;CO;2064;22048;394538;8270;1826;;;2817381;0,54;0,83
202502;53;DF;Distrito Federal;5;Centro-Oeste;CO;4666;46318;813541;8393;1823;;;2817381;0,54;0,83
202503;53;DF;Distrito Federal;5;Centro-Oeste;CO;7397;71645;1235134;8304;1814;984833;;2817381;0,54;0,83
202504;53;DF;Distrito Federal;5;Centro-Oeste;CO;10167;97806;1686166;8383;1815;;;2817381;0,54;0,83
202505;53;DF;Distrito Federal;5;Centro-Oeste;CO;13450;124259;2139535;8449;1794;;;2817381;0,54;0,83
202506;53;DF;Distrito Federal;5;Centro-Oeste;CO;16837;153952;2613074;8377;1776;997132;;2817381;0,54;0,83
202507;53;DF;Distrito Federal;5;Centro-Oeste;CO;20180;179181;3101449;8271;1773;;;2817381;0,54;0,83
202303;32;ES;Espírito Santo;3;Sudeste;SE;8315;155303;357793;8372;1842;1261111;379304489,86;3833712;0,49;0,79
202304;32;ES;Espírito Santo;3;Sudeste;SE;15480;297603;696135;8394;1859;;379304489,86;3833712;0,49;0,79
202305;32;ES;Espírito Santo;3;Sudeste;SE;23785;456594;1073912;8358;1870;;379304489,86;3833712;0,49;0,79
202306;32;ES;Espírito Santo;3;Sudeste;SE;35250;618811;1456420;8358;1863;1269568;379304489,86;3833712;0,49;0,79
202307;32;ES;Espírito Santo;3;Sudeste;SE;44824;784789;1853450;8211;1756;;379304489,86;3833712;0,49;0,79
202308;32;ES;Espírito Santo;3;Sudeste;SE;55797;964484;2270411;8343;1860;;379304489,86;3833712;0,49;0,79
202309;32;ES;Espírito Santo;3;Sudeste;SE;66388;1140028;2674593;8329;1871;1283233;379304489,86;3833712;0,49;0,79
202310;32;ES;Espírito Santo;3;Sudeste;SE;75832;1317232;3087156;8489;1894;;379304489,86;3833712;0,49;0,79
202311;32;ES;Espírito Santo;3;Sudeste;SE;85658;1490295;3500857;8566;1895;;379304489,86;3833712;0,49;0,79
202312;32;ES;Espírito Santo;3;Sudeste;SE;95133;1665066;3900344;8715;1902;1300904;379304489,86;3833712;0,49;0,79
202401;32;ES;Espírito Santo;3;Sudeste;SE;8042;163508;372152;8697;1914;;433553441,31;3833712;0,49;0,79
202402;32;ES;Espírito Santo;3;Sudeste;SE;16177;325753;753900;8697;1915;;433553441,31;3833712;0,49;0,79
202403;32;ES;Espírito Santo;3;Sudeste;SE;26790;505881;1179382;8698;1934;1308182;433553441,31;3833712;0,49;0,79
202404;32;ES;Espírito Santo;3;Sudeste;SE;38661;696426;1630933;8781;1940;;433553441,31;3833712;0,49;0,79
202405;32;ES;Espírito Santo;3;Sudeste;SE;49515;889119;2074887;8799;1942;;433553441,31;3833712;0,49;0,79
202406;32;ES;Espírito Santo;3;Sudeste;SE;61627;1084903;2530928;8817;1942;1309198;433553441,31;3833712;0,49;0,79
202407;32;ES;Espírito Santo;3;Sudeste;SE;74896;1284001;3007078;8827;1972;;433553441,31;3833712;0,49;0,79
202408;32;ES;Espírito Santo;3;Sudeste;SE;86405;1496153;3514418;8834;1933;;433553441,31;3833712;0,49;0,79
202409;32;ES;Espírito Santo;3;Sudeste;SE;98511;1707523;4015482;8870;1934;1330895;433553441,31;3833712;0,49;0,79
202410;32;ES;Espírito Santo;3;Sudeste;SE;110308;1923487;4520458;8872;1945;;433553441,31;3833712;0,49;0,79
202411;32;ES;Espírito Santo;3;Sudeste;SE;121361;2122323;4990573;8929;1958;;433553441,31;3833712;0,49;0,79
202412;32;ES;Espírito Santo;3;Sudeste;SE;132034;2292651;5401146;8979;1966;1342533;433553441,31;3833712;0,49;0,79
202501;32;ES;Espírito Santo;3;Sudeste;SE;10627;172440;394538;8912;1969;;;3833712;0,49;0,79
202502;32;ES;Espírito Santo;3;Sudeste;SE;21571;348924;813541;8912;1976;;;3833712;0,49;0,79
202503;32;ES;Espírito Santo;3;Sudeste;SE;31206;529454;1235134;8913;2005;1350757;;3833712;0,49;0,79
202504;32;ES;Espírito Santo;3;Sudeste;SE;40953;719324;1686166;8963;2008;;;3833712;0,49;0,79
202505;32;ES;Espírito Santo;3;Sudeste;SE;52566;920058;2139535;8942;2020;;;3833712;0,49;0,79
202506;32;ES;Espírito Santo;3;Sudeste;SE;65689;1128268;2613074;9004;2054;1360059;;3833712;0,49;0,79
202507;32;ES;Espírito Santo;3;Sudeste;SE;78379;1341514;3101449;8995;2029;;;3833712;0,49;0,79
202303;52;GO;Goiás;5;Centro-Oeste;CO;10154;20397;357793;18780;2629;1823134;417925793,81;7056495;0,47;0,76
202304;52;GO;Goiás;5;Centro-Oeste;CO;19551;39795;696135;18775;2660;;417925793,81;7056495;0,47;0,76
202305;52;GO;Goiás;5;Centro-Oeste;CO;29367;61265;1073912;18802;2671;;417925793,81;7056495;0,47;0,76
202306;52;GO;Goiás;5;Centro-Oeste;CO;39442;83729;1456420;18839;2695;1845148;417925793,81;7056495;0,47;0,76
202307;52;GO;Goiás;5;Centro-Oeste;CO;49971;106731;1853450;18907;2711;;417925793,81;7056495;0,47;0,76
202308;52;GO;Goiás;5;Centro-Oeste;CO;61133;130290;2270411;18684;2705;;417925793,81;7056495;0,47;0,76
202309;52;GO;Goiás;5;Centro-Oeste;CO;71937;153673;2674593;18684;2722;1853431;417925793,81;7056495;0,47;0,76
202310;52;GO;Goiás;5;Centro-Oeste;CO;82262;177594;3087156;18594;2721;;417925793,81;7056495;0,47;0,76
202311;52;GO;Goiás;5;Centro-Oeste;CO;94838;202486;3500857;18563;2718;;417925793,81;7056495;0,47;0,76
202312;52;GO;Goiás;5;Centro-Oeste;CO;106472;226101;3900344;18561;2723;1871415;417925793,81;7056495;0,47;0,76
202401;52;GO;Goiás;5;Centro-Oeste;CO;9449;20779;372152;18444;2740;;474092749,54;7056495;0,47;0,76
202402;52;GO;Goiás;5;Centro-Oeste;CO;20573;43944;753900;18443;2755;;474092749,54;7056495;0,47;0,76
202403;52;GO;Goiás;5;Centro-Oeste;CO;32255;67101;1179382;18484;2781;1884422;474092749,54;7056495;0,47;0,76
202404;52;GO;Goiás;5;Centro-Oeste;CO;44508;93102;1630933;18412;2816;;474092749,54;7056495;0,47;0,76
202405;52;GO;Goiás;5;Centro-Oeste;CO;56262;117561;2074887;18490;2856;;474092749,54;7056495;0,47;0,76
202406;52;GO;Goiás;5;Centro-Oeste;CO;68439;143173;2530928;18439;2874;1913981;474092749,54;7056495;0,47;0,76
202407;52;GO;Goiás;5;Centro-Oeste;CO;81400;170292;3007078;18494;2878;;474092749,54;7056495;0,47;0,76
202408;52;GO;Goiás;5;Centro-Oeste;CO;95140;199058;3514418;18488;2898;;474092749,54;7056495;0,47;0,76
202409;52;GO;Goiás;5;Centro-Oeste;CO;108390;226699;4015482;18492;2907;1934472;474092749,54;7056495;0,47;0,76
202410;52;GO;Goiás;5;Centro-Oeste;CO;121282;253266;4520458;18308;2923;;474092749,54;7056495;0,47;0,76
202411;52;GO;Goiás;5;Centro-Oeste;CO;133004;278382;4990573;18489;2962;;474092749,54;7056495;0,47;0,76
202412;52;GO;Goiás;5;Centro-Oeste;CO;144887;303912;5401146;18371;2984;1935751;474092749,54;7056495;0,47;0,76
202501;52;GO;Goiás;5;Centro-Oeste;CO;11350;22048;394538;18296;2806;;;7056495;0,47;0,76
202502;52;GO;Goiás;5;Centro-Oeste;CO;23374;46318;813541;18200;2797;;;7056495;0,47;0,76
202503;52;GO;Goiás;5;Centro-Oeste;CO;35549;71645;1235134;18229;2838;1934983;;7056495;0,47;0,76
202504;52;GO;Goiás;5;Centro-Oeste;CO;49092;97806;1686166;18269;2854;;;7056495;0,47;0,76
202505;52;GO;Goiás;5;Centro-Oeste;CO;62471;124259;2139535;18356;2874;;;7056495;0,47;0,76
202506;52;GO;Goiás;5;Centro-Oeste;CO;77108;153952;2613074;18326;2873;1949967;;7056495;0,47;0,76
202507;52;GO;Goiás;5;Centro-Oeste;CO;90621;179181;3101449;18276;2930;;;7056495;0,47;0,76
202303;21;MA;Maranhão;2;Nordeste;NE;6620;92484;357793;15296;1098;503426;353968577,08;6776699;0,49;0,70
202304;21;MA;Maranhão;2;Nordeste;NE;12547;181659;696135;15284;1097;;353968577,08;6776699;0,49;0,70
202305;21;MA;Maranhão;2;Nordeste;NE;19580;283039;1073912;15309;1113;;353968577,08;6776699;0,49;0,70
202306;21;MA;Maranhão;2;Nordeste;NE;28996;387564;1456420;15387;1104;509100;353968577,08;6776699;0,49;0,70
202307;21;MA;Maranhão;2;Nordeste;NE;39872;495878;1853450;15405;1116;;353968577,08;6776699;0,49;0,70
202308;21;MA;Maranhão;2;Nordeste;NE;48504;604988;2270411;15361;1131;;353968577,08;6776699;0,49;0,70
202309;21;MA;Maranhão;2;Nordeste;NE;57747;709939;2674593;15331;1126;516121;353968577,08;6776699;0,49;0,70
202310;21;MA;Maranhão;2;Nordeste;NE;66374;819749;3087156;15308;1122;;353968577,08;6776699;0,49;0,70
202311;21;MA;Maranhão;2;Nordeste;NE;77520;931442;3500857;15299;1123;;353968577,08;6776699;0,49;0,70
202312;21;MA;Maranhão;2;Nordeste;NE;87270;1036613;3900344;15199;1123;518299;353968577,08;6776699;0,49;0,70
202401;21;MA;Maranhão;2;Nordeste;NE;10126;93157;372152;15203;1114;;402897128,65;6776699;0,49;0,70
202402;21;MA;Maranhão;2;Nordeste;NE;19719;188343;753900;15207;1113;;402897128,65;6776699;0,49;0,70
202403;21;MA;Maranhão;2;Nordeste;NE;32093;300834;1179382;15107;1128;518703;402897128,65;6776699;0,49;0,70
202404;21;MA;Maranhão;2;Nordeste;NE;42276;422573;1630933;15092;1146;;402897128,65;6776699;0,49;0,70
202405;21;MA;Maranhão;2;Nordeste;NE;53385;540605;2074887;15083;1146;;402897128,65;6776699;0,49;0,70
202406;21;MA;Maranhão;2;Nordeste;NE;64630;660519;2530928;15141;1146;523480;402897128,65;6776699;0,49;0,70
202407;21;MA;Maranhão;2;Nordeste;NE;77174;785183;3007078;15123;1154;;402897128,65;6776699;0,49;0,70
202408;21;MA;Maranhão;2;Nordeste;NE;92411;923467;3514418;15048;1161;;402897128,65;6776699;0,49;0,70
202409;21;MA;Maranhão;2;Nordeste;NE;105834;1058685;4015482;15081;1164;525147;402897128,65;6776699;0,49;0,70
202410;21;MA;Maranhão;2;Nordeste;NE;118243;1189943;4520458;15040;1162;;402897128,65;6776699;0,49;0,70
202411;21;MA;Maranhão;2;Nordeste;NE;130237;1311099;4990573;15039;1162;;402897128,65;6776699;0,49;0,70
202412;21;MA;Maranhão;2;Nordeste;NE;139044;1411943;5401146;15027;1161;522102;402897128,65;6776699;0,49;0,70
202501;21;MA;Maranhão;2;Nordeste;NE;8300;90627;394538;15061;1169;;;6776699;0,49;0,70
202502;21;MA;Maranhão;2;Nordeste;NE;17297;189996;813541;15088;1170;;;6776699;0,49;0,70
202503;21;MA;Maranhão;2;Nordeste;NE;25397;288897;1235134;15052;1172;521010;;6776699;0,49;0,70
202504;21;MA;Maranhão;2;Nordeste;NE;35020;396643;1686166;15086;1173;;;6776699;0,49;0,70
202505;21;MA;Maranhão;2;Nordeste;NE;45508;494745;2139535;15198;1188;;;6776699;0,49;0,70
202506;21;MA;Maranhão;2;Nordeste;NE;55480;615803;2613074;15256;1198;527879;;6776699;0,49;0,70
202507;21;MA;Maranhão;2;Nordeste;NE;67028;732348;3101449;15260;1197;;;6776699;0,49;0,70
202303;51;MT;Mato Grosso;5;Centro-Oeste;CO;3119;20397;357793;7336;1222;659687;330078153,45;3658649;0,45;0,76
202304;51;MT;Mato Grosso;5;Centro-Oeste;CO;6187;39795;696135;7340;1222;;330078153,45;3658649;0,45;0,76
202305;51;MT;Mato Grosso;5;Centro-Oeste;CO;9898;61265;1073912;7366;1234;;330078153,45;3658649;0,45;0,76
202306;51;MT;Mato Grosso;5;Centro-Oeste;CO;14502;83729;1456420;7348;1242;667322;330078153,45;3658649;0,45;0,76
202307;51;MT;Mato Grosso;5;Centro-Oeste;CO;19173;106731;1853450;7497;1228;;330078153,45;3658649;0,45;0,76
202308;51;MT;Mato Grosso;5;Centro-Oeste;CO;23704;130290;2270411;7594;1219;;330078153,45;3658649;0,45;0,76
202309;51;MT;Mato Grosso;5;Centro-Oeste;CO;28194;153673;2674593;7602;1246;673252;330078153,45;3658649;0,45;0,76
202310;51;MT;Mato Grosso;5;Centro-Oeste;CO;33024;177594;3087156;7681;1252;;330078153,45;3658649;0,45;0,76
202311;51;MT;Mato Grosso;5;Centro-Oeste;CO;37002;202486;3500857;8016;1258;;330078153,45;3658649;0,45;0,76
202312;51;MT;Mato Grosso;5;Centro-Oeste;CO;41290;226101;3900344;7730;1262;674608;330078153,45;3658649;0,45;0,76
202401;51;MT;Mato Grosso;5;Centro-Oeste;CO;4178;20779;372152;7732;1273;;366424199,52;3658649;0,45;0,76
202402;51;MT;Mato Grosso;5;Centro-Oeste;CO;8969;43944;753900;7766;1281;;366424199,52;3658649;0,45;0,76
202403;51;MT;Mato Grosso;5;Centro-Oeste;CO;13279;67101;1179382;7809;1303;673945;366424199,52;3658649;0,45;0,76
202404;51;MT;Mato Grosso;5;Centro-Oeste;CO;18380;93102;1630933;7830;1321;;366424199,52;3658649;0,45;0,76
202405;51;MT;Mato Grosso;5;Centro-Oeste;CO;23609;117561;2074887;7889;1359;;366424199,52;3658649;0,45;0,76
202406;51;MT;Mato Grosso;5;Centro-Oeste;CO;29013;143173;2530928;7862;1397;679203;366424199,52;3658649;0,45;0,76
202407;51;MT;Mato Grosso;5;Centro-Oeste;CO;35064;170292;3007078;7919;1418;;366424199,52;3658649;0,45;0,76
202408;51;MT;Mato Grosso;5;Centro-Oeste;CO;41001;199058;3514418;7969;1421;;366424199,52;3658649;0,45;0,76
202409;51;MT;Mato Grosso;5;Centro-Oeste;CO;46678;226699;4015482;7932;1425;682925;366424199,52;3658649;0,45;0,76
202410;51;MT;Mato Grosso;5;Centro-Oeste;CO;51222;253266;4520458;7838;1410;;366424199,52;3658649;0,45;0,76
202411;51;MT;Mato Grosso;5;Centro-Oeste;CO;55825;278382;4990573;7857;1412;;366424199,52;3658649;0,45;0,76
202412;51;MT;Mato Grosso;5;Centro-Oeste;CO;61811;303912;5401146;7878;1421;682998;366424199,52;3658649;0,45;0,76
202501;51;MT;Mato Grosso;5;Centro-Oeste;CO;3568;22048;394538;7877;1493;;;3658649;0,45;0,76
202502;51;MT;Mato Grosso;5;Centro-Oeste;CO;8370;46318;813541;7902;1544;;;3658649;0,45;0,76
202503;51;MT;Mato Grosso;5;Centro-Oeste;CO;12884;71645;1235134;7967;1535;680852;;3658649;0,45;0,76
202504;51;MT;Mato Grosso;5;Centro-Oeste;CO;17065;97806;1686166;7914;1602;;;3658649;0,45;0,76
202505;51;MT;Mato Grosso;5;Centro-Oeste;CO;21871;124259;2139535;7850;1566;;;3658649;0,45;0,76
202506;51;MT;Mato Grosso;5;Centro-Oeste;CO;28580;153952;2613074;7822;1579;683043;;3658649;0,45;0,76
202507;51;MT;Mato Grosso;5;Centro-Oeste;CO;32682;179181;3101449;7935;1629;;;3658649;0,45;0,76
202303;50;MS;Mato Grosso do Sul;5;Centro-Oeste;CO;4087;20397;357793;5989;1166;648004;203526540,45;2757013;0,48;0,76
202304;50;MS;Mato Grosso do Sul;5;Centro-Oeste;CO;8220;39795;696135;5979;1168;;203526540,45;2757013;0,48;0,76
202305;50;MS;Mato Grosso do Sul;5;Centro-Oeste;CO;12791;61265;1073912;5956;1183;;203526540,45;2757013;0,48;0,76
202306;50;MS;Mato Grosso do Sul;5;Centro-Oeste;CO;17424;83729;1456420;5924;1190;659134;203526540,45;2757013;0,48;0,76
202307;50;MS;Mato Grosso do Sul;5;Centro-Oeste;CO;22042;106731;1853450;5850;1192;;203526540,45;2757013;0,48;0,76
202308;50;MS;Mato Grosso do Sul;5;Centro-Oeste;CO;26782;130290;2270411;5827;1210;;203526540,45;2757013;0,48;0,76
202309;50;MS;Mato Grosso do Sul;5;Centro-Oeste;CO;32019;153673;2674593;5815;1197;664289;203526540,45;2757013;0,48;0,76
202310;50;MS;Mato Grosso do Sul;5;Centro-Oeste;CO;38075;177594;3087156;5847;1190;;203526540,45;2757013;0,48;0,76
202311;50;MS;Mato Grosso do Sul;5;Centro-Oeste;CO;44034;202486;3500857;5844;1194;;203526540,45;2757013;0,48;0,76
202312;50;MS;Mato Grosso do Sul;5;Centro-Oeste;CO;49117;226101;3900344;5843;1200;661207;203526540,45;2757013;0,48;0,76
202401;50;MS;Mato Grosso do Sul;5;Centro-Oeste;CO;4657;20779;372152;5839;1197;;229688514,68;2757013;0,48;0,76
202402;50;MS;Mato Grosso do Sul;5;Centro-Oeste;CO;9293;43944;753900;5727;1199;;229688514,68;2757013;0,48;0,76
202403;50;MS;Mato Grosso do Sul;5;Centro-Oeste;CO;13701;67101;1179382;5740;1215;670744;229688514,68;2757013;0,48;0,76
202404;50;MS;Mato Grosso do Sul;5;Centro-Oeste;CO;19209;93102;1630933;5741;1227;;229688514,68;2757013;0,48;0,76
202405;50;MS;Mato Grosso do Sul;5;Centro-Oeste;CO;23930;117561;2074887;5767;1228;;229688514,68;2757013;0,48;0,76
202406;50;MS;Mato Grosso do Sul;5;Centro-Oeste;CO;29159;143173;2530928;5782;1242;676652;229688514,68;2757013;0,48;0,76
202407;50;MS;Mato Grosso do Sul;5;Centro-Oeste;CO;34109;170292;3007078;5773;1256;;229688514,68;2757013;0,48;0,76
202408;50;MS;Mato Grosso do Sul;5;Centro-Oeste;CO;39589;199058;3514418;5850;1272;;229688514,68;2757013;0,48;0,76
202409;50;MS;Mato Grosso do Sul;5;Centro-Oeste;CO;45602;226699;4015482;5804;1274;679166;229688514,68;2757013;0,48;0,76
202410;50;MS;Mato Grosso do Sul;5;Centro-Oeste;CO;52311;253266;4520458;5815;1269;;229688514,68;2757013;0,48;0,76
202411;50;MS;Mato Grosso do Sul;5;Centro-Oeste;CO;58748;278382;4990573;5876;1276;;229688514,68;2757013;0,48;0,76
202412;50;MS;Mato Grosso do Sul;5;Centro-Oeste;CO;64212;303912;5401146;5868;1270;679277;229688514,68;2757013;0,48;0,76
202501;50;MS;Mato Grosso do Sul;5;Centro-Oeste;CO;5066;22048;394538;5843;1261;;;2757013;0,48;0,76
202502;50;MS;Mato Grosso do Sul;5;Centro-Oeste;CO;9908;46318;813541;5843;1262;;;2757013;0,48;0,76
202503;50;MS;Mato Grosso do Sul;5;Centro-Oeste;CO;15815;71645;1235134;5845;1277;678744;;2757013;0,48;0,76
202504;50;MS;Mato Grosso do Sul;5;Centro-Oeste;CO;21482;97806;1686166;5894;1279;;;2757013;0,48;0,76
202505;50;MS;Mato Grosso do Sul;5;Centro-Oeste;CO;26467;124259;2139535;5917;1297;;;2757013;0,48;0,76
202506;50;MS;Mato Grosso do Sul;5;Centro-Oeste;CO;31427;153952;2613074;5920;1302;683830;;2757013;0,48;0,76
202507;50;MS;Mato Grosso do Sul;5;Centro-Oeste;CO;35698;179181;3101449;5902;1314;;;2757013;0,48;0,76
202303;31;MG;Minas Gerais;3;Sudeste;SE;36082;155303;357793;42490;14574;5565395;1179549677,94;20539989;0,48;0,79
202304;31;MG;Minas Gerais;3;Sudeste;SE;71640;297603;696135;42572;14478;;1179549677,94;20539989;0,48;0,79
202305;31;MG;Minas Gerais;3;Sudeste;SE;108381;456594;1073912;42549;14505;;1179549677,94;20539989;0,48;0,79
202306;31;MG;Minas Gerais;3;Sudeste;SE;144345;618811;1456420;42638;14546;5624668;1179549677,94;20539989;0,48;0,79
202307;31;MG;Minas Gerais;3;Sudeste;SE;181689;784789;1853450;42463;14674;;1179549677,94;20539989;0,48;0,79
202308;31;MG;Minas Gerais;3;Sudeste;SE;224063;964484;2270411;42535;14685;;1179549677,94;20539989;0,48;0,79
202309;31;MG;Minas Gerais;3;Sudeste;SE;261951;1140028;2674593;42554;14736;5670623;1179549677,94;20539989;0,48;0,79
202310;31;MG;Minas Gerais;3;Sudeste;SE;299379;1317232;3087156;42640;14749;;1179549677,94;20539989;0,48;0,79
202311;31;MG;Minas Gerais;3;Sudeste;SE;343913;1490295;3500857;42644;14754;;1179549677,94;20539989;0,48;0,79
202312;31;MG;Minas Gerais;3;Sudeste;SE;393276;1665066;3900344;42635;14761;5690989;1179549677,94;20539989;0,48;0,79
202401;31;MG;Minas Gerais;3;Sudeste;SE;40099;163508;372152;42598;14725;;1239094149,46;20539989;0,48;0,79
202402;31;MG;Minas Gerais;3;Sudeste;SE;80559;325753;753900;42645;14684;;1239094149,46;20539989;0,48;0,79
202403;31;MG;Minas Gerais;3;Sudeste;SE;122112;505881;1179382;42856;14798;5720551;1239094149,46;20539989;0,48;0,79
202404;31;MG;Minas Gerais;3;Sudeste;SE;167867;696426;1630933;43081;14888;;1239094149,46;20539989;0,48;0,79
202405;31;MG;Minas Gerais;3;Sudeste;SE;214169;889119;2074887;43049;14952;;1239094149,46;20539989;0,48;0,79
202406;31;MG;Minas Gerais;3;Sudeste;SE;260420;1084903;2530928;43106;14951;5763993;1239094149,46;20539989;0,48;0,79
202407;31;MG;Minas Gerais;3;Sudeste;SE;309120;1284001;3007078;43098;15011;;1239094149,46;20539989;0,48;0,79
202408;31;MG;Minas Gerais;3;Sudeste;SE;362351;1496153;3514418;43149;15020;;1239094149,46;20539989;0,48;0,79
202409;31;MG;Minas Gerais;3;Sudeste;SE;421509;1707523;4015482;43121;15063;5789721;1239094149,46;20539989;0,48;0,79
202410;31;MG;Minas Gerais;3;Sudeste;SE;474921;1923487;4520458;43137;15094;;1239094149,46;20539989;0,48;0,79
202411;31;MG;Minas Gerais;3;Sudeste;SE;527764;2122323;4990573;43201;15163;;1239094149,46;20539989;0,48;0,79
202412;31;MG;Minas Gerais;3;Sudeste;SE;572000;2292651;5401146;43538;15222;5818646;1239094149,46;20539989;0,48;0,79
202501;31;MG;Minas Gerais;3;Sudeste;SE;40733;172440;394538;43739;15281;;;20539989;0,48;0,79
202502;31;MG;Minas Gerais;3;Sudeste;SE;82005;348924;813541;43794;15337;;;20539989;0,48;0,79
202503;31;MG;Minas Gerais;3;Sudeste;SE;124167;529454;1235134;43803;15486;5816249;;20539989;0,48;0,79
202504;31;MG;Minas Gerais;3;Sudeste;SE;173229;719324;1686166;43898;15621;;;20539989;0,48;0,79
202505;31;MG;Minas Gerais;3;Sudeste;SE;222472;920058;2139535;43961;15689;;;20539989;0,48;0,79
202506;31;MG;Minas Gerais;3;Sudeste;SE;275570;1128268;2613074;44025;15720;5842172;;20539989;0,48;0,79
202507;31;MG;Minas Gerais;3;Sudeste;SE;331190;1341514;3101449;44028;15580;;;20539989;0,48;0,79
202303;15;PA;Pará;1;Norte;N ;10958;23285;357793;14715;1628;849421;434929298,29;8120131;0,50;0,72
202304;15;PA;Pará;1;Norte;N ;22273;45755;696135;14674;1635;;434929298,29;8120131;0,50;0,72
202305;15;PA;Pará;1;Norte;N ;34972;73418;1073912;14775;1642;;434929298,29;8120131;0,50;0,72
202306;15;PA;Pará;1;Norte;N ;47571;99276;1456420;14779;1648;860804;434929298,29;8120131;0,50;0,72
202307;15;PA;Pará;1;Norte;N ;60550;127883;1853450;14683;1666;;434929298,29;8120131;0,50;0,72
202308;15;PA;Pará;1;Norte;N ;73677;154322;2270411;14480;1681;;434929298,29;8120131;0,50;0,72
202309;15;PA;Pará;1;Norte;N ;86247;178284;2674593;14497;1692;872062;434929298,29;8120131;0,50;0,72
202310;15;PA;Pará;1;Norte;N ;98985;201892;3087156;14527;1656;;434929298,29;8120131;0,50;0,72
202311;15;PA;Pará;1;Norte;N ;112644;226923;3500857;14238;1669;;434929298,29;8120131;0,50;0,72
202312;15;PA;Pará;1;Norte;N ;125995;248762;3900344;14487;1659;868815;434929298,29;8120131;0,50;0,72
202401;15;PA;Pará;1;Norte;N ;11690;22262;372152;14204;1664;;499115459,08;8120131;0,50;0,72
202402;15;PA;Pará;1;Norte;N ;24694;46908;753900;14165;1669;;499115459,08;8120131;0,50;0,72
202403;15;PA;Pará;1;Norte;N ;38788;74965;1179382;14260;1693;866663;499115459,08;8120131;0,50;0,72
202404;15;PA;Pará;1;Norte;N ;53434;102799;1630933;14367;1724;;499115459,08;8120131;0,50;0,72
202405;15;PA;Pará;1;Norte;N ;67920;129873;2074887;14346;1746;;499115459,08;8120131;0,50;0,72
202406;15;PA;Pará;1;Norte;N ;83286;158456;2530928;14454;1762;880442;499115459,08;8120131;0,50;0,72
202407;15;PA;Pará;1;Norte;N ;97935;186392;3007078;14340;1793;;499115459,08;8120131;0,50;0,72
202408;15;PA;Pará;1;Norte;N ;112809;214968;3514418;14640;1819;;499115459,08;8120131;0,50;0,72
202409;15;PA;Pará;1;Norte;N ;127077;243786;4015482;14689;1826;893561;499115459,08;8120131;0,50;0,72
202410;15;PA;Pará;1;Norte;N ;140889;270340;4520458;14768;1833;;499115459,08;8120131;0,50;0,72
202411;15;PA;Pará;1;Norte;N ;155836;297702;4990573;14809;1842;;499115459,08;8120131;0,50;0,72
202412;15;PA;Pará;1;Norte;N ;169809;327765;5401146;14770;1829;889309;499115459,08;8120131;0,50;0,72
202501;15;PA;Pará;1;Norte;N ;11897;22960;394538;14815;1816;;;8120131;0,50;0,72
202502;15;PA;Pará;1;Norte;N ;24018;48152;813541;14805;1828;;;8120131;0,50;0,72
202503;15;PA;Pará;1;Norte;N ;37220;72880;1235134;14921;1865;881632;;8120131;0,50;0,72
202504;15;PA;Pará;1;Norte;N ;50718;99926;1686166;14953;1878;;;8120131;0,50;0,72
202505;15;PA;Pará;1;Norte;N ;64231;127316;2139535;14879;1897;;;8120131;0,50;0,72
202506;15;PA;Pará;1;Norte;N ;78659;153564;2613074;14953;1895;898393;;8120131;0,50;0,72
202507;15;PA;Pará;1;Norte;N ;94041;183322;3101449;15060;1909;;;8120131;0,50;0,72
202303;25;PB;Paraíba;2;Nordeste;NE;5910;92484;357793;9233;1277;441023;226608772,96;3974687;0,56;0,71
202304;25;PB;Paraíba;2;Nordeste;NE;12098;181659;696135;9233;1300;;226608772,96;3974687;0,56;0,71
202305;25;PB;Paraíba;2;Nordeste;NE;18740;283039;1073912;9309;1296;;226608772,96;3974687;0,56;0,71
202306;25;PB;Paraíba;2;Nordeste;NE;25228;387564;1456420;9330;1296;440590;226608772,96;3974687;0,56;0,71
202307;25;PB;Paraíba;2;Nordeste;NE;33253;495878;1853450;9426;1314;;226608772,96;3974687;0,56;0,71
202308;25;PB;Paraíba;2;Nordeste;NE;41016;604988;2270411;9500;1332;;226608772,96;3974687;0,56;0,71
202309;25;PB;Paraíba;2;Nordeste;NE;49395;709939;2674593;9534;1325;447958;226608772,96;3974687;0,56;0,71
202310;25;PB;Paraíba;2;Nordeste;NE;58334;819749;3087156;9558;1333;;226608772,96;3974687;0,56;0,71
202311;25;PB;Paraíba;2;Nordeste;NE;66511;931442;3500857;9560;1353;;226608772,96;3974687;0,56;0,71
202312;25;PB;Paraíba;2;Nordeste;NE;74922;1036613;3900344;9569;1358;451882;226608772,96;3974687;0,56;0,71
202401;25;PB;Paraíba;2;Nordeste;NE;6457;93157;372152;9435;1342;;269937771,67;3974687;0,56;0,71
202402;25;PB;Paraíba;2;Nordeste;NE;14959;188343;753900;9378;1340;;269937771,67;3974687;0,56;0,71
202403;25;PB;Paraíba;2;Nordeste;NE;25226;300834;1179382;9346;1372;452994;269937771,67;3974687;0,56;0,71
202404;25;PB;Paraíba;2;Nordeste;NE;35680;422573;1630933;9381;1387;;269937771,67;3974687;0,56;0,71
202405;25;PB;Paraíba;2;Nordeste;NE;46213;540605;2074887;9442;1398;;269937771,67;3974687;0,56;0,71
202406;25;PB;Paraíba;2;Nordeste;NE;56188;660519;2530928;9446;1463;454038;269937771,67;3974687;0,56;0,71
202407;25;PB;Paraíba;2;Nordeste;NE;67109;785183;3007078;9502;1464;;269937771,67;3974687;0,56;0,71
202408;25;PB;Paraíba;2;Nordeste;NE;77954;923467;3514418;9566;1483;;269937771,67;3974687;0,56;0,71
202409;25;PB;Paraíba;2;Nordeste;NE;90398;1058685;4015482;9580;1454;455744;269937771,67;3974687;0,56;0,71
202410;25;PB;Paraíba;2;Nordeste;NE;101202;1189943;4520458;9594;1450;;269937771,67;3974687;0,56;0,71
202411;25;PB;Paraíba;2;Nordeste;NE;110265;1311099;4990573;9645;1453;;269937771,67;3974687;0,56;0,71
202412;25;PB;Paraíba;2;Nordeste;NE;116951;1411943;5401146;9685;1453;456774;269937771,67;3974687;0,56;0,71
202501;25;PB;Paraíba;2;Nordeste;NE;7717;90627;394538;9682;1461;;;3974687;0,56;0,71
202502;25;PB;Paraíba;2;Nordeste;NE;17000;189996;813541;9668;1466;;;3974687;0,56;0,71
202503;25;PB;Paraíba;2;Nordeste;NE;25515;288897;1235134;9643;1476;457292;;3974687;0,56;0,71
202504;25;PB;Paraíba;2;Nordeste;NE;35601;396643;1686166;9659;1486;;;3974687;0,56;0,71
202505;25;PB;Paraíba;2;Nordeste;NE;44284;494745;2139535;9803;1501;;;3974687;0,56;0,71
202506;25;PB;Paraíba;2;Nordeste;NE;52615;615803;2613074;9819;1502;462745;;3974687;0,56;0,71
202507;25;PB;Paraíba;2;Nordeste;NE;61684;732348;3101449;9820;1514;;;3974687;0,56;0,71
202303;41;PR;Paraná;4;Sul;S ;26561;66324;357793;25946;6060;3060323;710424186,50;11444380;0,46;0,79
202304;41;PR;Paraná;4;Sul;S ;52378;131323;696135;25788;6132;;710424186,50;11444380;0,46;0,79
202305;41;PR;Paraná;4;Sul;S ;79852;199596;1073912;25731;6156;;710424186,50;11444380;0,46;0,79
202306;41;PR;Paraná;4;Sul;S ;106759;267040;1456420;26072;6172;3082355;710424186,50;11444380;0,46;0,79
202307;41;PR;Paraná;4;Sul;S ;135167;338169;1853450;26117;6188;;710424186,50;11444380;0,46;0,79
202308;41;PR;Paraná;4;Sul;S ;166992;416327;2270411;26156;6205;;710424186,50;11444380;0,46;0,79
202309;41;PR;Paraná;4;Sul;S ;197057;492669;2674593;26274;6235;3094337;710424186,50;11444380;0,46;0,79
202310;41;PR;Paraná;4;Sul;S ;227326;570689;3087156;26164;6234;;710424186,50;11444380;0,46;0,79
202311;41;PR;Paraná;4;Sul;S ;258026;649711;3500857;26233;6229;;710424186,50;11444380;0,46;0,79
202312;41;PR;Paraná;4;Sul;S ;286882;723802;3900344;26219;6230;3100258;710424186,50;11444380;0,46;0,79
202401;41;PR;Paraná;4;Sul;S ;29520;72446;372152;26303;6212;;795999674,72;11444380;0,46;0,79
202402;41;PR;Paraná;4;Sul;S ;60614;148952;753900;26328;6204;;795999674,72;11444380;0,46;0,79
202403;41;PR;Paraná;4;Sul;S ;92305;230601;1179382;26509;6257;3101682;795999674,72;11444380;0,46;0,79
202404;41;PR;Paraná;4;Sul;S ;126053;316033;1630933;26614;6308;;795999674,72;11444380;0,46;0,79
202405;41;PR;Paraná;4;Sul;S ;161552;397729;2074887;26518;6355;;795999674,72;11444380;0,46;0,79
202406;41;PR;Paraná;4;Sul;S ;198199;483877;2530928;26904;6308;3119136;795999674,72;11444380;0,46;0,79
202407;41;PR;Paraná;4;Sul;S ;238692;581210;3007078;26974;6271;;795999674,72;11444380;0,46;0,79
202408;41;PR;Paraná;4;Sul;S ;281039;680772;3514418;27056;6246;;795999674,72;11444380;0,46;0,79
202409;41;PR;Paraná;4;Sul;S ;322619;778789;4015482;27007;6283;3137381;795999674,72;11444380;0,46;0,79
202410;41;PR;Paraná;4;Sul;S ;365318;883422;4520458;27033;6294;;795999674,72;11444380;0,46;0,79
202411;41;PR;Paraná;4;Sul;S ;405030;981067;4990573;27143;6301;;795999674,72;11444380;0,46;0,79
202412;41;PR;Paraná;4;Sul;S ;438850;1064875;5401146;27367;6286;3153782;795999674,72;11444380;0,46;0,79
202501;41;PR;Paraná;4;Sul;S ;35470;86463;394538;27358;6311;;;11444380;0,46;0,79
202502;41;PR;Paraná;4;Sul;S ;73301;180151;813541;27362;6324;;;11444380;0,46;0,79
202503;41;PR;Paraná;4;Sul;S ;110278;272258;1235134;27273;6398;3163613;;11444380;0,46;0,79
202504;41;PR;Paraná;4;Sul;S ;151892;372467;1686166;27134;6429;;;11444380;0,46;0,79
202505;41;PR;Paraná;4;Sul;S ;193232;473157;2139535;27272;6425;;;11444380;0,46;0,79
202506;41;PR;Paraná;4;Sul;S ;235108;561487;2613074;27297;6462;3182831;;11444380;0,46;0,79
202507;41;PR;Paraná;4;Sul;S ;278768;665084;3101449;27239;6476;;;11444380;0,46;0,79
202303;26;PE;Pernambuco;2;Nordeste;NE;19878;92484;357793;9233;3007;1396981;737489926,39;9058931;0,50;0,74
202304;26;PE;Pernambuco;2;Nordeste;NE;38544;181659;696135;9233;3045;;737489926,39;9058931;0,50;0,74
202305;26;PE;Pernambuco;2;Nordeste;NE;62556;283039;1073912;9309;3039;;737489926,39;9058931;0,50;0,74
202306;26;PE;Pernambuco;2;Nordeste;NE;84448;387564;1456420;9330;3059;1402404;737489926,39;9058931;0,50;0,74
202307;26;PE;Pernambuco;2;Nordeste;NE;104204;495878;1853450;9426;3071;;737489926,39;9058931;0,50;0,74
202308;26;PE;Pernambuco;2;Nordeste;NE;125838;604988;2270411;9500;3068;;737489926,39;9058931;0,50;0,74
202309;26;PE;Pernambuco;2;Nordeste;NE;146168;709939;2674593;9534;3057;1410131;737489926,39;9058931;0,50;0,74
202310;26;PE;Pernambuco;2;Nordeste;NE;168031;819749;3087156;9558;3069;;737489926,39;9058931;0,50;0,74
202311;26;PE;Pernambuco;2;Nordeste;NE;188969;931442;3500857;9560;3087;;737489926,39;9058931;0,50;0,74
202312;26;PE;Pernambuco;2;Nordeste;NE;210879;1036613;3900344;9569;3082;1413000;737489926,39;9058931;0,50;0,74
202401;26;PE;Pernambuco;2;Nordeste;NE;18902;93157;372152;9435;3107;;832947518,89;9058931;0,50;0,74
202402;26;PE;Pernambuco;2;Nordeste;NE;38779;188343;753900;9378;3102;;832947518,89;9058931;0,50;0,74
202403;26;PE;Pernambuco;2;Nordeste;NE;60352;300834;1179382;9346;3069;1418036;832947518,89;9058931;0,50;0,74
202404;26;PE;Pernambuco;2;Nordeste;NE;84936;422573;1630933;9381;3072;;832947518,89;9058931;0,50;0,74
202405;26;PE;Pernambuco;2;Nordeste;NE;110275;540605;2074887;9442;3119;;832947518,89;9058931;0,50;0,74
202406;26;PE;Pernambuco;2;Nordeste;NE;133736;660519;2530928;9446;3149;1425721;832947518,89;9058931;0,50;0,74
202407;26;PE;Pernambuco;2;Nordeste;NE;157972;785183;3007078;9502;3142;;832947518,89;9058931;0,50;0,74
202408;26;PE;Pernambuco;2;Nordeste;NE;185858;923467;3514418;9566;3155;;832947518,89;9058931;0,50;0,74
202409;26;PE;Pernambuco;2;Nordeste;NE;212562;1058685;4015482;9580;3155;1427969;832947518,89;9058931;0,50;0,74
202410;26;PE;Pernambuco;2;Nordeste;NE;238091;1189943;4520458;9594;3156;;832947518,89;9058931;0,50;0,74
202411;26;PE;Pernambuco;2;Nordeste;NE;262771;1311099;4990573;9645;3181;;832947518,89;9058931;0,50;0,74
202412;26;PE;Pernambuco;2;Nordeste;NE;284921;1411943;5401146;9685;3166;1435547;832947518,89;9058931;0,50;0,74
202501;26;PE;Pernambuco;2;Nordeste;NE;20355;90627;394538;9682;3141;;;9058931;0,50;0,74
202502;26;PE;Pernambuco;2;Nordeste;NE;41019;189996;813541;9668;3144;;;9058931;0,50;0,74
202503;26;PE;Pernambuco;2;Nordeste;NE;63380;288897;1235134;9643;3168;1440403;;9058931;0,50;0,74
202504;26;PE;Pernambuco;2;Nordeste;NE;87037;396643;1686166;9659;3130;;;9058931;0,50;0,74
202505;26;PE;Pernambuco;2;Nordeste;NE;100909;494745;2139535;9803;3107;;;9058931;0,50;0,74
202506;26;PE;Pernambuco;2;Nordeste;NE;130899;615803;2613074;9819;3104;1444929;;9058931;0,50;0,74
202507;26;PE;Pernambuco;2;Nordeste;NE;155667;732348;3101449;9820;3153;;;9058931;0,50;0,74
202303;22;PI;Piauí;2;Nordeste;NE;5460;92484;357793;7600;835;386931;214313515,21;3271199;0,55;0,71
202304;22;PI;Piauí;2;Nordeste;NE;12262;181659;696135;7640;840;;214313515,21;3271199;0,55;0,71
202305;22;PI;Piauí;2;Nordeste;NE;17850;283039;1073912;7718;858;;214313515,21;3271199;0,55;0,71
202306;22;PI;Piauí;2;Nordeste;NE;22348;387564;1456420;7623;866;393104;214313515,21;3271199;0,55;0,71
202307;22;PI;Piauí;2;Nordeste;NE;27560;495878;1853450;7622;871;;214313515,21;3271199;0,55;0,71
202308;22;PI;Piauí;2;Nordeste;NE;32967;604988;2270411;7604;871;;214313515,21;3271199;0,55;0,71
202309;22;PI;Piauí;2;Nordeste;NE;38921;709939;2674593;7601;875;394706;214313515,21;3271199;0,55;0,71
202310;22;PI;Piauí;2;Nordeste;NE;44698;819749;3087156;7636;883;;214313515,21;3271199;0,55;0,71
202311;22;PI;Piauí;2;Nordeste;NE;50325;931442;3500857;7584;886;;214313515,21;3271199;0,55;0,71
202312;22;PI;Piauí;2;Nordeste;NE;55196;1036613;3900344;7594;889;399174;214313515,21;3271199;0,55;0,71
202401;22;PI;Piauí;2;Nordeste;NE;4543;93157;372152;7615;894;;251433515,88;3271199;0,55;0,71
202402;22;PI;Piauí;2;Nordeste;NE;8725;188343;753900;7551;895;;251433515,88;3271199;0,55;0,71
202403;22;PI;Piauí;2;Nordeste;NE;14590;300834;1179382;7556;890;399862;251433515,88;3271199;0,55;0,71
202404;22;PI;Piauí;2;Nordeste;NE;21814;422573;1630933;7534;898;;251433515,88;3271199;0,55;0,71
202405;22;PI;Piauí;2;Nordeste;NE;26519;540605;2074887;7542;898;;251433515,88;3271199;0,55;0,71
202406;22;PI;Piauí;2;Nordeste;NE;38580;660519;2530928;7530;903;406801;251433515,88;3271199;0,55;0,71
202407;22;PI;Piauí;2;Nordeste;NE;44776;785183;3007078;7535;907;;251433515,88;3271199;0,55;0,71
202408;22;PI;Piauí;2;Nordeste;NE;52166;923467;3514418;7515;909;;251433515,88;3271199;0,55;0,71
202409;22;PI;Piauí;2;Nordeste;NE;60516;1058685;4015482;7446;918;412625;251433515,88;3271199;0,55;0,71
202410;22;PI;Piauí;2;Nordeste;NE;69865;1189943;4520458;7464;922;;251433515,88;3271199;0,55;0,71
202411;22;PI;Piauí;2;Nordeste;NE;76634;1311099;4990573;7410;928;;251433515,88;3271199;0,55;0,71
202412;22;PI;Piauí;2;Nordeste;NE;83031;1411943;5401146;7430;931;409712;251433515,88;3271199;0,55;0,71
202501;22;PI;Piauí;2;Nordeste;NE;4407;90627;394538;7430;932;;;3271199;0,55;0,71
202502;22;PI;Piauí;2;Nordeste;NE;8827;189996;813541;7416;940;;;3271199;0,55;0,71
202503;22;PI;Piauí;2;Nordeste;NE;13686;288897;1235134;7482;937;408521;;3271199;0,55;0,71
202504;22;PI;Piauí;2;Nordeste;NE;18403;396643;1686166;7487;939;;;3271199;0,55;0,71
202505;22;PI;Piauí;2;Nordeste;NE;23582;494745;2139535;7407;938;;;3271199;0,55;0,71
202506;22;PI;Piauí;2;Nordeste;NE;30855;615803;2613074;7404;943;411748;;3271199;0,55;0,71
202507;22;PI;Piauí;2;Nordeste;NE;37280;732348;3101449;7417;932;;;3271199;0,55;0,71
202303;33;RJ;Rio de Janeiro;3;Sudeste;SE;25372;155303;357793;35845;5432;5536890;899504861,51;16055174;0,54;0,79
202304;33;RJ;Rio de Janeiro;3;Sudeste;SE;48986;297603;696135;36053;5441;;899504861,51;16055174;0,54;0,79
202305;33;RJ;Rio de Janeiro;3;Sudeste;SE;77417;456594;1073912;35604;5498;;899504861,51;16055174;0,54;0,79
202306;33;RJ;Rio de Janeiro;3;Sudeste;SE;104201;618811;1456420;35826;5553;5494376;899504861,51;16055174;0,54;0,79
202307;33;RJ;Rio de Janeiro;3;Sudeste;SE;134198;784789;1853450;35670;5602;;899504861,51;16055174;0,54;0,79
202308;33;RJ;Rio de Janeiro;3;Sudeste;SE;166308;964484;2270411;36180;5738;;899504861,51;16055174;0,54;0,79
202309;33;RJ;Rio de Janeiro;3;Sudeste;SE;200649;1140028;2674593;35884;5724;5653780;899504861,51;16055174;0,54;0,79
202310;33;RJ;Rio de Janeiro;3;Sudeste;SE;236621;1317232;3087156;36276;5786;;899504861,51;16055174;0,54;0,79
202311;33;RJ;Rio de Janeiro;3;Sudeste;SE;264370;1490295;3500857;36495;5808;;899504861,51;16055174;0,54;0,79
202312;33;RJ;Rio de Janeiro;3;Sudeste;SE;295055;1665066;3900344;36520;5770;5650130;899504861,51;16055174;0,54;0,79
202401;33;RJ;Rio de Janeiro;3;Sudeste;SE;30706;163508;372152;36373;5788;;1158316866,41;16055174;0,54;0,79
202402;33;RJ;Rio de Janeiro;3;Sudeste;SE;55271;325753;753900;36350;5844;;1158316866,41;16055174;0,54;0,79
202403;33;RJ;Rio de Janeiro;3;Sudeste;SE;87399;505881;1179382;35798;5889;5627955;1158316866,41;16055174;0,54;0,79
202404;33;RJ;Rio de Janeiro;3;Sudeste;SE;121622;696426;1630933;35438;5923;;1158316866,41;16055174;0,54;0,79
202405;33;RJ;Rio de Janeiro;3;Sudeste;SE;155266;889119;2074887;35775;5892;;1158316866,41;16055174;0,54;0,79
202406;33;RJ;Rio de Janeiro;3;Sudeste;SE;189412;1084903;2530928;35602;5883;5482174;1158316866,41;16055174;0,54;0,79
202407;33;RJ;Rio de Janeiro;3;Sudeste;SE;223332;1284001;3007078;35748;5800;;1158316866,41;16055174;0,54;0,79
202408;33;RJ;Rio de Janeiro;3;Sudeste;SE;255749;1496153;3514418;35690;5777;;1158316866,41;16055174;0,54;0,79
202409;33;RJ;Rio de Janeiro;3;Sudeste;SE;288637;1707523;4015482;35839;5775;5532094;1158316866,41;16055174;0,54;0,79
202410;33;RJ;Rio de Janeiro;3;Sudeste;SE;322834;1923487;4520458;35843;5778;;1158316866,41;16055174;0,54;0,79
202411;33;RJ;Rio de Janeiro;3;Sudeste;SE;353316;2122323;4990573;35822;5786;;1158316866,41;16055174;0,54;0,79
202412;33;RJ;Rio de Janeiro;3;Sudeste;SE;380725;2292651;5401146;35676;5806;5519730;1158316866,41;16055174;0,54;0,79
202501;33;RJ;Rio de Janeiro;3;Sudeste;SE;28655;172440;394538;35315;5811;;;16055174;0,54;0,79
202502;33;RJ;Rio de Janeiro;3;Sudeste;SE;53797;348924;813541;34863;5814;;;16055174;0,54;0,79
202503;33;RJ;Rio de Janeiro;3;Sudeste;SE;81582;529454;1235134;35139;5877;5529929;;16055174;0,54;0,79
202504;33;RJ;Rio de Janeiro;3;Sudeste;SE;109994;719324;1686166;35049;5832;;;16055174;0,54;0,79
202505;33;RJ;Rio de Janeiro;3;Sudeste;SE;141578;920058;2139535;35216;5883;;;16055174;0,54;0,79
202506;33;RJ;Rio de Janeiro;3;Sudeste;SE;177399;1128268;2613074;35107;5905;5531766;;16055174;0,54;0,79
202507;33;RJ;Rio de Janeiro;3;Sudeste;SE;210734;1341514;3101449;35219;5924;;;16055174;0,54;0,79
202303;24;RN;Rio Grande do Norte;2;Nordeste;NE;8518;92484;357793;7824;2103;596858;216482716,25;3302729;0,54;0,75
202304;24;RN;Rio Grande do Norte;2;Nordeste;NE;16407;181659;696135;7821;2109;;216482716,25;3302729;0,54;0,75
202305;24;RN;Rio Grande do Norte;2;Nordeste;NE;25092;283039;1073912;7776;2113;;216482716,25;3302729;0,54;0,75
202306;24;RN;Rio Grande do Norte;2;Nordeste;NE;34945;387564;1456420;7740;2120;603967;216482716,25;3302729;0,54;0,75
202307;24;RN;Rio Grande do Norte;2;Nordeste;NE;45062;495878;1853450;7818;2122;;216482716,25;3302729;0,54;0,75
202308;24;RN;Rio Grande do Norte;2;Nordeste;NE;55482;604988;2270411;7876;2124;;216482716,25;3302729;0,54;0,75
202309;24;RN;Rio Grande do Norte;2;Nordeste;NE;64697;709939;2674593;7618;2111;606608;216482716,25;3302729;0,54;0,75
202310;24;RN;Rio Grande do Norte;2;Nordeste;NE;74155;819749;3087156;7637;2112;;216482716,25;3302729;0,54;0,75
202311;24;RN;Rio Grande do Norte;2;Nordeste;NE;84007;931442;3500857;7639;2120;;216482716,25;3302729;0,54;0,75
202312;24;RN;Rio Grande do Norte;2;Nordeste;NE;93236;1036613;3900344;7628;2126;608979;216482716,25;3302729;0,54;0,75
202401;24;RN;Rio Grande do Norte;2;Nordeste;NE;9178;93157;372152;7734;2136;;250322521,91;3302729;0,54;0,75
202402;24;RN;Rio Grande do Norte;2;Nordeste;NE;17983;188343;753900;7722;2143;;250322521,91;3302729;0,54;0,75
202403;24;RN;Rio Grande do Norte;2;Nordeste;NE;27887;300834;1179382;7730;2152;608836;250322521,91;3302729;0,54;0,75
202404;24;RN;Rio Grande do Norte;2;Nordeste;NE;38512;422573;1630933;7729;2171;;250322521,91;3302729;0,54;0,75
202405;24;RN;Rio Grande do Norte;2;Nordeste;NE;49727;540605;2074887;7735;2191;;250322521,91;3302729;0,54;0,75
202406;24;RN;Rio Grande do Norte;2;Nordeste;NE;60414;660519;2530928;7765;2193;614141;250322521,91;3302729;0,54;0,75
202407;24;RN;Rio Grande do Norte;2;Nordeste;NE;71945;785183;3007078;7782;2209;;250322521,91;3302729;0,54;0,75
202408;24;RN;Rio Grande do Norte;2;Nordeste;NE;84115;923467;3514418;7835;2220;;250322521,91;3302729;0,54;0,75
202409;24;RN;Rio Grande do Norte;2;Nordeste;NE;95564;1058685;4015482;7821;2278;620727;250322521,91;3302729;0,54;0,75
202410;24;RN;Rio Grande do Norte;2;Nordeste;NE;106923;1189943;4520458;7800;2281;;250322521,91;3302729;0,54;0,75
202411;24;RN;Rio Grande do Norte;2;Nordeste;NE;118493;1311099;4990573;7791;2303;;250322521,91;3302729;0,54;0,75
202412;24;RN;Rio Grande do Norte;2;Nordeste;NE;127260;1411943;5401146;7789;2309;628078;250322521,91;3302729;0,54;0,75
202501;24;RN;Rio Grande do Norte;2;Nordeste;NE;8889;90627;394538;7780;2300;;;3302729;0,54;0,75
202502;24;RN;Rio Grande do Norte;2;Nordeste;NE;18341;189996;813541;7756;2298;;;3302729;0,54;0,75
202503;24;RN;Rio Grande do Norte;2;Nordeste;NE;27673;288897;1235134;7733;2325;635616;;3302729;0,54;0,75
202504;24;RN;Rio Grande do Norte;2;Nordeste;NE;37814;396643;1686166;7757;2339;;;3302729;0,54;0,75
202505;24;RN;Rio Grande do Norte;2;Nordeste;NE;47779;494745;2139535;7753;2371;;;3302729;0,54;0,75
202506;24;RN;Rio Grande do Norte;2;Nordeste;NE;59598;615803;2613074;7746;2405;636219;;3302729;0,54;0,75
202507;24;RN;Rio Grande do Norte;2;Nordeste;NE;71106;732348;3101449;7796;2400;;;3302729;0,54;0,75
202303;43;RS;Rio Grande do Sul;4;Sul;S ;21489;66324;357793;29730;7352;2540033;631078441,15;10882965;0,47;0,78
202304;43;RS;Rio Grande do Sul;4;Sul;S ;42159;131323;696135;29511;7369;;631078441,15;10882965;0,47;0,78
202305;43;RS;Rio Grande do Sul;4;Sul;S ;63012;199596;1073912;29599;7385;;631078441,15;10882965;0,47;0,78
202306;43;RS;Rio Grande do Sul;4;Sul;S ;83244;267040;1456420;29630;7375;2559749;631078441,15;10882965;0,47;0,78
202307;43;RS;Rio Grande do Sul;4;Sul;S ;104447;338169;1853450;29529;7343;;631078441,15;10882965;0,47;0,78
202308;43;RS;Rio Grande do Sul;4;Sul;S ;127304;416327;2270411;29538;7372;;631078441,15;10882965;0,47;0,78
202309;43;RS;Rio Grande do Sul;4;Sul;S ;149491;492669;2674593;29519;7372;2580049;631078441,15;10882965;0,47;0,78
202310;43;RS;Rio Grande do Sul;4;Sul;S ;173804;570689;3087156;29447;7384;;631078441,15;10882965;0,47;0,78
202311;43;RS;Rio Grande do Sul;4;Sul;S ;199212;649711;3500857;29465;7386;;631078441,15;10882965;0,47;0,78
202312;43;RS;Rio Grande do Sul;4;Sul;S ;223732;723802;3900344;29475;7356;2582030;631078441,15;10882965;0,47;0,78
202401;43;RS;Rio Grande do Sul;4;Sul;S ;24315;72446;372152;29412;7382;;686968516,24;10882965;0,47;0,78
202402;43;RS;Rio Grande do Sul;4;Sul;S ;46831;148952;753900;29467;7373;;686968516,24;10882965;0,47;0,78
202403;43;RS;Rio Grande do Sul;4;Sul;S ;71843;230601;1179382;29392;7405;2578068;686968516,24;10882965;0,47;0,78
202404;43;RS;Rio Grande do Sul;4;Sul;S ;94934;316033;1630933;29675;7418;;686968516,24;10882965;0,47;0,78
202405;43;RS;Rio Grande do Sul;4;Sul;S ;112706;397729;2074887;29785;7475;;686968516,24;10882965;0,47;0,78
202406;43;RS;Rio Grande do Sul;4;Sul;S ;134531;483877;2530928;29839;7516;2595769;686968516,24;10882965;0,47;0,78
202407;43;RS;Rio Grande do Sul;4;Sul;S ;158109;581210;3007078;29800;7539;;686968516,24;10882965;0,47;0,78
202408;43;RS;Rio Grande do Sul;4;Sul;S ;183336;680772;3514418;29797;7526;;686968516,24;10882965;0,47;0,78
202409;43;RS;Rio Grande do Sul;4;Sul;S ;207700;778789;4015482;29765;7530;2616012;686968516,24;10882965;0,47;0,78
202410;43;RS;Rio Grande do Sul;4;Sul;S ;235065;883422;4520458;29811;7544;;686968516,24;10882965;0,47;0,78
202411;43;RS;Rio Grande do Sul;4;Sul;S ;260535;981067;4990573;29858;7549;;686968516,24;10882965;0,47;0,78
202412;43;RS;Rio Grande do Sul;4;Sul;S ;284864;1064875;5401146;29843;7595;2633287;686968516,24;10882965;0,47;0,78
202501;43;RS;Rio Grande do Sul;4;Sul;S ;23954;86463;394538;29811;7628;;;10882965;0,47;0,78
202502;43;RS;Rio Grande do Sul;4;Sul;S ;50363;180151;813541;29920;7570;;;10882965;0,47;0,78
202503;43;RS;Rio Grande do Sul;4;Sul;S ;73826;272258;1235134;29940;7552;2632560;;10882965;0,47;0,78
202504;43;RS;Rio Grande do Sul;4;Sul;S ;97397;372467;1686166;29888;7611;;;10882965;0,47;0,78
202505;43;RS;Rio Grande do Sul;4;Sul;S ;121115;473157;2139535;29833;7620;;;10882965;0,47;0,78
202506;43;RS;Rio Grande do Sul;4;Sul;S ;141280;561487;2613074;29748;7673;2651901;;10882965;0,47;0,78
202507;43;RS;Rio Grande do Sul;4;Sul;S ;166677;665084;3101449;29709;7713;;;10882965;0,47;0,78
202303;11;RO;Rondônia;1;Norte;N ;1707;23285;357793;4693;529;152202;189725072,96;1581196;0,46;0,74
202304;11;RO;Rondônia;1;Norte;N ;3052;45755;696135;4677;537;;189725072,96;1581196;0,46;0,74
202305;11;RO;Rondônia;1;Norte;N ;4617;73418;1073912;4633;547;;189725072,96;1581196;0,46;0,74
202306;11;RO;Rondônia;1;Norte;N ;6069;99276;1456420;4673;563;152183;189725072,96;1581196;0,46;0,74
202307;11;RO;Rondônia;1;Norte;N ;7977;127883;1853450;4682;578;;189725072,96;1581196;0,46;0,74
202308;11;RO;Rondônia;1;Norte;N ;10097;154322;2270411;4713;615;;189725072,96;1581196;0,46;0,74
202309;11;RO;Rondônia;1;Norte;N ;12303;178284;2674593;4699;630;152540;189725072,96;1581196;0,46;0,74
202310;11;RO;Rondônia;1;Norte;N ;14279;201892;3087156;4686;657;;189725072,96;1581196;0,46;0,74
202311;11;RO;Rondônia;1;Norte;N ;16521;226923;3500857;4696;661;;189725072,96;1581196;0,46;0,74
202312;11;RO;Rondônia;1;Norte;N ;17968;248762;3900344;4753;646;156721;189725072,96;1581196;0,46;0,74
202401;11;RO;Rondônia;1;Norte;N ;1555;22262;372152;4745;644;;203191560,82;1581196;0,46;0,74
202402;11;RO;Rondônia;1;Norte;N ;3389;46908;753900;4778;647;;203191560,82;1581196;0,46;0,74
202403;11;RO;Rondônia;1;Norte;N ;5325;74965;1179382;4771;661;156466;203191560,82;1581196;0,46;0,74
202404;11;RO;Rondônia;1;Norte;N ;8003;102799;1630933;4773;658;;203191560,82;1581196;0,46;0,74
202405;11;RO;Rondônia;1;Norte;N ;10588;129873;2074887;4771;661;;203191560,82;1581196;0,46;0,74
202406;11;RO;Rondônia;1;Norte;N ;12869;158456;2530928;4794;648;158840;203191560,82;1581196;0,46;0,74
202407;11;RO;Rondônia;1;Norte;N ;15242;186392;3007078;4794;661;;203191560,82;1581196;0,46;0,74
202408;11;RO;Rondônia;1;Norte;N ;18147;214968;3514418;4786;665;;203191560,82;1581196;0,46;0,74
202409;11;RO;Rondônia;1;Norte;N ;21476;243786;4015482;4809;678;159768;203191560,82;1581196;0,46;0,74
202410;11;RO;Rondônia;1;Norte;N ;24346;270340;4520458;4800;679;;203191560,82;1581196;0,46;0,74
202411;11;RO;Rondônia;1;Norte;N ;27343;297702;4990573;4815;657;;203191560,82;1581196;0,46;0,74
202412;11;RO;Rondônia;1;Norte;N ;29560;327765;5401146;4812;654;160760;203191560,82;1581196;0,46;0,74
202501;11;RO;Rondônia;1;Norte;N ;2032;22960;394538;4795;671;;;1581196;0,46;0,74
202502;11;RO;Rondônia;1;Norte;N ;4382;48152;813541;4814;681;;;1581196;0,46;0,74
202503;11;RO;Rondônia;1;Norte;N ;6800;72880;1235134;4962;686;160399;;1581196;0,46;0,74
202504;11;RO;Rondônia;1;Norte;N ;9839;99926;1686166;5013;706;;;1581196;0,46;0,74
202505;11;RO;Rondônia;1;Norte;N ;12137;127316;2139535;5014;712;;;1581196;0,46;0,74
202506;11;RO;Rondônia;1;Norte;N ;15484;153564;2613074;5052;734;163277;;1581196;0,46;0,74
202507;11;RO;Rondônia;1;Norte;N ;18315;183322;3101449;5020;748;;;1581196;0,46;0,74
202303;14;RR;Roraima;1;Norte;N ;690;23285;357793;1398;129;32263;120777373,42;636707;0,52;0,74
202304;14;RR;Roraima;1;Norte;N ;1451;45755;696135;1397;135;;120777373,42;636707;0,52;0,74
202305;14;RR;Roraima;1;Norte;N ;2231;73418;1073912;1417;135;;120777373,42;636707;0,52;0,74
202306;14;RR;Roraima;1;Norte;N ;3183;99276;1456420;1427;132;31932;120777373,42;636707;0,52;0,74
202307;14;RR;Roraima;1;Norte;N ;4275;127883;1853450;1423;132;;120777373,42;636707;0,52;0,74
202308;14;RR;Roraima;1;Norte;N ;5272;154322;2270411;1423;125;;120777373,42;636707;0,52;0,74
202309;14;RR;Roraima;1;Norte;N ;5686;178284;2674593;1423;126;32091;120777373,42;636707;0,52;0,74
202310;14;RR;Roraima;1;Norte;N ;6409;201892;3087156;1440;126;;120777373,42;636707;0,52;0,74
202311;14;RR;Roraima;1;Norte;N ;7771;226923;3500857;1423;128;;120777373,42;636707;0,52;0,74
202312;14;RR;Roraima;1;Norte;N ;8253;248762;3900344;1415;130;31439;120777373,42;636707;0,52;0,74
202401;14;RR;Roraima;1;Norte;N ;933;22262;372152;1415;130;;139883074,93;636707;0,52;0,74
202402;14;RR;Roraima;1;Norte;N ;1579;46908;753900;1396;130;;139883074,93;636707;0,52;0,74
202403;14;RR;Roraima;1;Norte;N ;2475;74965;1179382;1396;185;31823;139883074,93;636707;0,52;0,74
202404;14;RR;Roraima;1;Norte;N ;3257;102799;1630933;1396;192;;139883074,93;636707;0,52;0,74
202405;14;RR;Roraima;1;Norte;N ;4147;129873;2074887;1396;193;;139883074,93;636707;0,52;0,74
202406;14;RR;Roraima;1;Norte;N ;5039;158456;2530928;1396;193;31466;139883074,93;636707;0,52;0,74
202407;14;RR;Roraima;1;Norte;N ;6012;186392;3007078;1396;193;;139883074,93;636707;0,52;0,74
202408;14;RR;Roraima;1;Norte;N ;6960;214968;3514418;1379;177;;139883074,93;636707;0,52;0,74
202409;14;RR;Roraima;1;Norte;N ;7858;243786;4015482;1461;179;31092;139883074,93;636707;0,52;0,74
202410;14;RR;Roraima;1;Norte;N ;8452;270340;4520458;1455;178;;139883074,93;636707;0,52;0,74
202411;14;RR;Roraima;1;Norte;N ;9478;297702;4990573;1456;179;;139883074,93;636707;0,52;0,74
202412;14;RR;Roraima;1;Norte;N ;10189;327765;5401146;1456;180;31166;139883074,93;636707;0,52;0,74
202501;14;RR;Roraima;1;Norte;N ;692;22960;394538;1456;179;;;636707;0,52;0,74
202502;14;RR;Roraima;1;Norte;N ;1313;48152;813541;1455;180;;;636707;0,52;0,74
202503;14;RR;Roraima;1;Norte;N ;1978;72880;1235134;1455;178;31020;;636707;0,52;0,74
202504;14;RR;Roraima;1;Norte;N ;2628;99926;1686166;1460;181;;;636707;0,52;0,74
202505;14;RR;Roraima;1;Norte;N ;3127;127316;2139535;1457;161;;;636707;0,52;0,74
202506;14;RR;Roraima;1;Norte;N ;3032;153564;2613074;1457;166;31875;;636707;0,52;0,74
202507;14;RR;Roraima;1;Norte;N ;3465;183322;3101449;1415;160;;;636707;0,52;0,74
202303;35;SP;São Paulo;3;Sudeste;SE;85534;155303;357793;94314;24307;17986230;560629045,46;44411238;0,50;0,82
202304;35;SP;São Paulo;3;Sudeste;SE;161497;297603;696135;94261;24458;;560629045,46;44411238;0,50;0,82
202305;35;SP;São Paulo;3;Sudeste;SE;247011;456594;1073912;94430;24532;;560629045,46;44411238;0,50;0,82
202306;35;SP;São Paulo;3;Sudeste;SE;335015;618811;1456420;94592;24537;17980117;560629045,46;44411238;0,50;0,82
202307;35;SP;São Paulo;3;Sudeste;SE;424078;784789;1853450;94733;24468;;560629045,46;44411238;0,50;0,82
202308;35;SP;São Paulo;3;Sudeste;SE;518316;964484;2270411;94742;24523;;560629045,46;44411238;0,50;0,82
202309;35;SP;São Paulo;3;Sudeste;SE;611040;1140028;2674593;94380;24604;17973010;560629045,46;44411238;0,50;0,82
202310;35;SP;São Paulo;3;Sudeste;SE;705400;1317232;3087156;94413;24702;;560629045,46;44411238;0,50;0,82
202311;35;SP;São Paulo;3;Sudeste;SE;796354;1490295;3500857;94378;24785;;560629045,46;44411238;0,50;0,82
202312;35;SP;São Paulo;3;Sudeste;SE;881602;1665066;3900344;94396;24828;17979182;560629045,46;44411238;0,50;0,82
202401;35;SP;São Paulo;3;Sudeste;SE;84661;163508;372152;94537;24844;;671213650,85;44411238;0,50;0,82
202402;35;SP;São Paulo;3;Sudeste;SE;173746;325753;753900;94768;24794;;671213650,85;44411238;0,50;0,82
202403;35;SP;São Paulo;3;Sudeste;SE;269580;505881;1179382;94763;25015;17972232;671213650,85;44411238;0,50;0,82
202404;35;SP;São Paulo;3;Sudeste;SE;368276;696426;1630933;94943;25320;;671213650,85;44411238;0,50;0,82
202405;35;SP;São Paulo;3;Sudeste;SE;470169;889119;2074887;95222;25437;;671213650,85;44411238;0,50;0,82
202406;35;SP;São Paulo;3;Sudeste;SE;573444;1084903;2530928;95563;25547;18033496;671213650,85;44411238;0,50;0,82
202407;35;SP;São Paulo;3;Sudeste;SE;676653;1284001;3007078;95758;25594;;671213650,85;44411238;0,50;0,82
202408;35;SP;São Paulo;3;Sudeste;SE;791648;1496153;3514418;95680;25742;;671213650,85;44411238;0,50;0,82
202409;35;SP;São Paulo;3;Sudeste;SE;898866;1707523;4015482;95403;25680;18098379;671213650,85;44411238;0,50;0,82
202410;35;SP;São Paulo;3;Sudeste;SE;1015424;1923487;4520458;95627;25726;;671213650,85;44411238;0,50;0,82
202411;35;SP;São Paulo;3;Sudeste;SE;1119882;2122323;4990573;95553;25708;;671213650,85;44411238;0,50;0,82
202412;35;SP;São Paulo;3;Sudeste;SE;1207892;2292651;5401146;95309;25636;18154955;671213650,85;44411238;0,50;0,82
202501;35;SP;São Paulo;3;Sudeste;SE;92425;172440;394538;95298;25576;;;44411238;0,50;0,82
202502;35;SP;São Paulo;3;Sudeste;SE;191551;348924;813541;95269;25892;;;44411238;0,50;0,82
202503;35;SP;São Paulo;3;Sudeste;SE;292499;529454;1235134;95619;26144;18219097;;44411238;0,50;0,82
202504;35;SP;São Paulo;3;Sudeste;SE;395148;719324;1686166;95444;26343;;;44411238;0,50;0,82
202505;35;SP;São Paulo;3;Sudeste;SE;503442;920058;2139535;95499;26509;;;44411238;0,50;0,82
202506;35;SP;São Paulo;3;Sudeste;SE;609610;1128268;2613074;95655;26920;18339444;;44411238;0,50;0,82
202507;35;SP;São Paulo;3;Sudeste;SE;721211;1341514;3101449;95675;26969;;;44411238;0,50;0,82
202303;42;SC;Santa Catarina;4;Sul;S ;18274;66324;357793;15645;4609;1632948;2943490926,41;7610361;0,42;0,80
202304;42;SC;Santa Catarina;4;Sul;S ;36786;131323;696135;15704;4642;;2943490926,41;7610361;0,42;0,80
202305;42;SC;Santa Catarina;4;Sul;S ;56732;199596;1073912;15887;4625;;2943490926,41;7610361;0,42;0,80
202306;42;SC;Santa Catarina;4;Sul;S ;77037;267040;1456420;15761;4632;1646489;2943490926,41;7610361;0,42;0,80
202307;42;SC;Santa Catarina;4;Sul;S ;98555;338169;1853450;15784;4686;;2943490926,41;7610361;0,42;0,80
202308;42;SC;Santa Catarina;4;Sul;S ;122031;416327;2270411;15722;4676;;2943490926,41;7610361;0,42;0,80
202309;42;SC;Santa Catarina;4;Sul;S ;146121;492669;2674593;15785;4682;1662224;2943490926,41;7610361;0,42;0,80
202310;42;SC;Santa Catarina;4;Sul;S ;169559;570689;3087156;15869;4672;;2943490926,41;7610361;0,42;0,80
202311;42;SC;Santa Catarina;4;Sul;S ;192473;649711;3500857;15977;4659;;2943490926,41;7610361;0,42;0,80
202312;42;SC;Santa Catarina;4;Sul;S ;213188;723802;3900344;15980;4678;1669274;2943490926,41;7610361;0,42;0,80
202401;42;SC;Santa Catarina;4;Sul;S ;18611;72446;372152;15988;4685;;3551516022,27;7610361;0,42;0,80
202402;42;SC;Santa Catarina;4;Sul;S ;41507;148952;753900;15976;4690;;3551516022,27;7610361;0,42;0,80
202403;42;SC;Santa Catarina;4;Sul;S ;66453;230601;1179382;15970;4700;1668070;3551516022,27;7610361;0,42;0,80
202404;42;SC;Santa Catarina;4;Sul;S ;95046;316033;1630933;16128;4721;;3551516022,27;7610361;0,42;0,80
202405;42;SC;Santa Catarina;4;Sul;S ;123471;397729;2074887;16065;4754;;3551516022,27;7610361;0,42;0,80
202406;42;SC;Santa Catarina;4;Sul;S ;151147;483877;2530928;16084;4793;1682907;3551516022,27;7610361;0,42;0,80
202407;42;SC;Santa Catarina;4;Sul;S ;184409;581210;3007078;16055;4839;;3551516022,27;7610361;0,42;0,80
202408;42;SC;Santa Catarina;4;Sul;S ;216397;680772;3514418;16105;4819;;3551516022,27;7610361;0,42;0,80
202409;42;SC;Santa Catarina;4;Sul;S ;248470;778789;4015482;16105;4674;1696959;3551516022,27;7610361;0,42;0,80
202410;42;SC;Santa Catarina;4;Sul;S ;283039;883422;4520458;16038;4699;;3551516022,27;7610361;0,42;0,80
202411;42;SC;Santa Catarina;4;Sul;S ;315502;981067;4990573;16081;4718;;3551516022,27;7610361;0,42;0,80
202412;42;SC;Santa Catarina;4;Sul;S ;341161;1064875;5401146;16086;4718;1709358;3551516022,27;7610361;0,42;0,80
202501;42;SC;Santa Catarina;4;Sul;S ;27039;86463;394538;16107;4721;;;7610361;0,42;0,80
202502;42;SC;Santa Catarina;4;Sul;S ;56487;180151;813541;16126;4698;;;7610361;0,42;0,80
202503;42;SC;Santa Catarina;4;Sul;S ;88154;272258;1235134;16113;4729;1707856;;7610361;0,42;0,80
202504;42;SC;Santa Catarina;4;Sul;S ;123178;372467;1686166;16123;4734;;;7610361;0,42;0,80
202505;42;SC;Santa Catarina;4;Sul;S ;158810;473157;2139535;16142;4741;;;7610361;0,42;0,80
202506;42;SC;Santa Catarina;4;Sul;S ;185099;561487;2613074;16157;4770;1724164;;7610361;0,42;0,80
202507;42;SC;Santa Catarina;4;Sul;S ;219639;665084;3101449;16197;4795;;;7610361;0,42;0,80
202303;28;SE;Sergipe;2;Nordeste;NE;3263;92484;357793;3248;1199;326794;192672525,65;2210004;0,51;0,72
202304;28;SE;Sergipe;2;Nordeste;NE;6633;181659;696135;3248;1210;;192672525,65;2210004;0,51;0,72
202305;28;SE;Sergipe;2;Nordeste;NE;10355;283039;1073912;3330;1218;;192672525,65;2210004;0,51;0,72
202306;28;SE;Sergipe;2;Nordeste;NE;13894;387564;1456420;3365;1226;328228;192672525,65;2210004;0,51;0,72
202307;28;SE;Sergipe;2;Nordeste;NE;17732;495878;1853450;3371;1250;;192672525,65;2210004;0,51;0,72
202308;28;SE;Sergipe;2;Nordeste;NE;22248;604988;2270411;3235;1335;;192672525,65;2210004;0,51;0,72
202309;28;SE;Sergipe;2;Nordeste;NE;27628;709939;2674593;3242;1261;330838;192672525,65;2210004;0,51;0,72
202310;28;SE;Sergipe;2;Nordeste;NE;32189;819749;3087156;3254;1260;;192672525,65;2210004;0,51;0,72
202311;28;SE;Sergipe;2;Nordeste;NE;35091;931442;3500857;3232;1255;;192672525,65;2210004;0,51;0,72
202312;28;SE;Sergipe;2;Nordeste;NE;39142;1036613;3900344;3232;1258;332979;192672525,65;2210004;0,51;0,72
202401;28;SE;Sergipe;2;Nordeste;NE;3336;93157;372152;3223;1270;;248810952,37;2210004;0,51;0,72
202402;28;SE;Sergipe;2;Nordeste;NE;6358;188343;753900;3223;1266;;248810952,37;2210004;0,51;0,72
202403;28;SE;Sergipe;2;Nordeste;NE;10024;300834;1179382;3223;1264;334348;248810952,37;2210004;0,51;0,72
202404;28;SE;Sergipe;2;Nordeste;NE;15221;422573;1630933;3223;1276;;248810952,37;2210004;0,51;0,72
202405;28;SE;Sergipe;2;Nordeste;NE;19305;540605;2074887;3262;1264;;248810952,37;2210004;0,51;0,72
202406;28;SE;Sergipe;2;Nordeste;NE;23772;660519;2530928;3274;1268;338640;248810952,37;2210004;0,51;0,72
202407;28;SE;Sergipe;2;Nordeste;NE;28436;785183;3007078;3277;1273;;248810952,37;2210004;0,51;0,72
202408;28;SE;Sergipe;2;Nordeste;NE;32669;923467;3514418;3258;1282;;248810952,37;2210004;0,51;0,72
202409;28;SE;Sergipe;2;Nordeste;NE;37252;1058685;4015482;3278;1286;339419;248810952,37;2210004;0,51;0,72
202410;28;SE;Sergipe;2;Nordeste;NE;42150;1189943;4520458;3270;1288;;248810952,37;2210004;0,51;0,72
202411;28;SE;Sergipe;2;Nordeste;NE;46772;1311099;4990573;3296;1290;;248810952,37;2210004;0,51;0,72
202412;28;SE;Sergipe;2;Nordeste;NE;50109;1411943;5401146;3306;1291;339745;248810952,37;2210004;0,51;0,72
202501;28;SE;Sergipe;2;Nordeste;NE;2946;90627;394538;3417;1292;;;2210004;0,51;0,72
202502;28;SE;Sergipe;2;Nordeste;NE;5782;189996;813541;3559;1310;;;2210004;0,51;0,72
202503;28;SE;Sergipe;2;Nordeste;NE;8821;288897;1235134;3563;1318;339300;;2210004;0,51;0,72
202504;28;SE;Sergipe;2;Nordeste;NE;12035;396643;1686166;3589;1327;;;2210004;0,51;0,72
202505;28;SE;Sergipe;2;Nordeste;NE;13976;494745;2139535;3581;1329;;;2210004;0,51;0,72
202506;28;SE;Sergipe;2;Nordeste;NE;18859;615803;2613074;3574;1331;342540;;2210004;0,51;0,72
202507;28;SE;Sergipe;2;Nordeste;NE;20478;732348;3101449;3587;1331;;;2210004;0,51;0,72
202303;17;TO;Tocantins;1;Norte;N ;1338;23285;357793;3075;356;121719;233157452,98;1511460;0,48;0,76
202304;17;TO;Tocantins;1;Norte;N ;2899;45755;696135;3078;359;;233157452,98;1511460;0,48;0,76
202305;17;TO;Tocantins;1;Norte;N ;4687;73418;1073912;3084;365;;233157452,98;1511460;0,48;0,76
202306;17;TO;Tocantins;1;Norte;N ;6143;99276;1456420;3107;372;122443;233157452,98;1511460;0,48;0,76
202307;17;TO;Tocantins;1;Norte;N ;7568;127883;1853450;3117;374;;233157452,98;1511460;0,48;0,76
202308;17;TO;Tocantins;1;Norte;N ;9426;154322;2270411;3134;374;;233157452,98;1511460;0,48;0,76
202309;17;TO;Tocantins;1;Norte;N ;10969;178284;2674593;3141;385;123333;233157452,98;1511460;0,48;0,76
202310;17;TO;Tocantins;1;Norte;N ;12741;201892;3087156;3197;386;;233157452,98;1511460;0,48;0,76
202311;17;TO;Tocantins;1;Norte;N ;14460;226923;3500857;3196;397;;233157452,98;1511460;0,48;0,76
202312;17;TO;Tocantins;1;Norte;N ;16180;248762;3900344;3208;399;123465;233157452,98;1511460;0,48;0,76
202401;17;TO;Tocantins;1;Norte;N ;1459;22262;372152;3236;402;;267857531,35;1511460;0,48;0,76
202402;17;TO;Tocantins;1;Norte;N ;3232;46908;753900;3242;403;;267857531,35;1511460;0,48;0,76
202403;17;TO;Tocantins;1;Norte;N ;5205;74965;1179382;3242;406;124321;267857531,35;1511460;0,48;0,76
202404;17;TO;Tocantins;1;Norte;N ;7249;102799;1630933;3242;409;;267857531,35;1511460;0,48;0,76
202405;17;TO;Tocantins;1;Norte;N ;8981;129873;2074887;3267;408;;267857531,35;1511460;0,48;0,76
202406;17;TO;Tocantins;1;Norte;N ;11555;158456;2530928;3259;406;124483;267857531,35;1511460;0,48;0,76
202407;17;TO;Tocantins;1;Norte;N ;13500;186392;3007078;3259;410;;267857531,35;1511460;0,48;0,76
202408;17;TO;Tocantins;1;Norte;N ;15575;214968;3514418;3266;414;;267857531,35;1511460;0,48;0,76
202409;17;TO;Tocantins;1;Norte;N ;17324;243786;4015482;3268;410;126425;267857531,35;1511460;0,48;0,76
202410;17;TO;Tocantins;1;Norte;N ;19216;270340;4520458;3270;410;;267857531,35;1511460;0,48;0,76
202411;17;TO;Tocantins;1;Norte;N ;20105;297702;4990573;3314;409;;267857531,35;1511460;0,48;0,76
202412;17;TO;Tocantins;1;Norte;N ;22454;327765;5401146;3319;400;126585;267857531,35;1511460;0,48;0,76
202501;17;TO;Tocantins;1;Norte;N ;1557;22960;394538;3319;399;;;1511460;0,48;0,76
202502;17;TO;Tocantins;1;Norte;N ;3290;48152;813541;3337;394;;;1511460;0,48;0,76
202503;17;TO;Tocantins;1;Norte;N ;4709;72880;1235134;3347;403;128715;;1511460;0,48;0,76
202504;17;TO;Tocantins;1;Norte;N ;6408;99926;1686166;3412;401;;;1511460;0,48;0,76
202505;17;TO;Tocantins;1;Norte;N ;7259;127316;2139535;3485;401;;;1511460;0,48;0,76
202506;17;TO;Tocantins;1;Norte;N ;7210;153564;2613074;3485;403;130801;;1511460;0,48;0,76
202507;17;TO;Tocantins;1;Norte;N ;9178;183322;3101449;3489;395;;;1511460;0,48;0,76